-- MySQL dump 10.13  Distrib 8.0.20, for Win64 (x86_64)
--
-- Host: 127.0.0.1    Database: vk
-- ------------------------------------------------------
-- Server version	8.0.20

/*!40101 SET @OLD_CHARACTER_SET_CLIENT=@@CHARACTER_SET_CLIENT */;
/*!40101 SET @OLD_CHARACTER_SET_RESULTS=@@CHARACTER_SET_RESULTS */;
/*!40101 SET @OLD_COLLATION_CONNECTION=@@COLLATION_CONNECTION */;
/*!50503 SET NAMES utf8 */;
/*!40103 SET @OLD_TIME_ZONE=@@TIME_ZONE */;
/*!40103 SET TIME_ZONE='+00:00' */;
/*!40014 SET @OLD_UNIQUE_CHECKS=@@UNIQUE_CHECKS, UNIQUE_CHECKS=0 */;
/*!40014 SET @OLD_FOREIGN_KEY_CHECKS=@@FOREIGN_KEY_CHECKS, FOREIGN_KEY_CHECKS=0 */;
/*!40101 SET @OLD_SQL_MODE=@@SQL_MODE, SQL_MODE='NO_AUTO_VALUE_ON_ZERO' */;
/*!40111 SET @OLD_SQL_NOTES=@@SQL_NOTES, SQL_NOTES=0 */;

--
-- Table structure for table `comments`
--

DROP TABLE IF EXISTS `comments`;
/*!40101 SET @saved_cs_client     = @@character_set_client */;
/*!50503 SET character_set_client = utf8mb4 */;
CREATE TABLE `comments` (
  `id` bigint unsigned NOT NULL AUTO_INCREMENT,
  `user_id` bigint unsigned NOT NULL,
  `post_id` bigint unsigned NOT NULL,
  `body` text,
  `created_at` datetime DEFAULT CURRENT_TIMESTAMP,
  `updated_at` datetime DEFAULT CURRENT_TIMESTAMP ON UPDATE CURRENT_TIMESTAMP,
  PRIMARY KEY (`id`),
  UNIQUE KEY `id` (`id`),
  KEY `user_id` (`user_id`),
  KEY `post_id` (`post_id`),
  CONSTRAINT `comments_ibfk_1` FOREIGN KEY (`user_id`) REFERENCES `users` (`id`),
  CONSTRAINT `comments_ibfk_2` FOREIGN KEY (`post_id`) REFERENCES `posts` (`id`)
) ENGINE=InnoDB AUTO_INCREMENT=101 DEFAULT CHARSET=utf8mb4 COLLATE=utf8mb4_0900_ai_ci;
/*!40101 SET character_set_client = @saved_cs_client */;

--
-- Dumping data for table `comments`
--

LOCK TABLES `comments` WRITE;
/*!40000 ALTER TABLE `comments` DISABLE KEYS */;
INSERT INTO `comments` VALUES (1,1,1,'Repudiandae in accusamus iste facere sit. Quia velit temporibus culpa voluptatum nam rem reprehenderit voluptatum. Perspiciatis sit ullam architecto atque. Fugit sunt sequi facilis ea aperiam rerum tenetur.','1993-02-06 19:15:09','1999-05-23 15:48:51'),(2,2,2,'Enim et qui qui est esse et vitae. Aperiam minus sunt magni reprehenderit hic.','1996-12-13 06:53:59','2003-11-28 05:05:08'),(3,3,3,'Eos atque placeat ut aut eaque ad ipsum. Reprehenderit distinctio et eius quia pariatur dicta. Saepe rerum enim sint iure quod eius facere ipsum. Quo voluptas aperiam consequatur quaerat.','1974-12-18 18:10:34','1977-09-12 00:34:43'),(4,4,4,'Aut est reprehenderit et est sit corporis voluptatem. Unde voluptatem quo neque. Minima aliquam animi consectetur et fugiat. Dignissimos reprehenderit aspernatur illum occaecati recusandae quos asperiores est.','1991-03-19 03:45:41','1988-06-22 11:12:06'),(5,5,5,'Praesentium sit repellat minima laborum vitae consequatur velit. Et illum sint voluptas sunt animi. Dicta illum nostrum consequuntur. Voluptatem ipsam sit culpa et deserunt.','2010-07-14 11:23:45','2007-01-31 05:59:30'),(6,6,6,'Qui omnis necessitatibus odit sit qui voluptatum aspernatur dolorem. Ut culpa illum dolore nihil est iure accusantium. Autem voluptatem modi sit porro vitae non veritatis.','2001-11-25 18:33:17','1975-07-28 22:21:16'),(7,7,7,'Quisquam iste doloremque veritatis. Tempora sed sunt harum. In non omnis et dignissimos aut quisquam ducimus.','1974-10-30 23:45:50','2007-03-16 11:16:49'),(8,8,8,'Sunt velit quam molestiae accusantium porro laudantium. Enim non non qui est. Quo aspernatur non voluptates ut dolor. Quo deserunt occaecati corporis quibusdam sequi.','1971-08-20 12:11:18','2008-10-08 18:03:59'),(9,9,9,'Totam enim est natus unde incidunt iure quasi. Sunt delectus illo dolores sit impedit cumque. Culpa tenetur aut assumenda. Voluptates sit sint eos excepturi fugit. Debitis et fugiat aut numquam.','2012-10-19 02:23:59','2000-10-01 16:41:39'),(10,10,10,'Qui ipsam consequatur molestias nisi aut aliquid. Enim ipsam quidem beatae quia laboriosam. Corporis quas dolor adipisci.','2012-11-27 13:17:02','2013-07-31 05:58:03'),(11,11,11,'Quisquam dolorem ea nulla dolor ut non. Quia et id possimus officiis ab ab. Sapiente voluptas quam vero laborum. Aut est commodi autem et animi. Et aliquid quidem exercitationem quam non at.','1989-04-01 12:47:08','2006-01-27 03:12:25'),(12,12,12,'Corrupti dolorem dolorem quaerat veniam sunt voluptate. Explicabo in velit aut veniam laudantium. Porro ut consectetur cumque accusantium fugit.','1998-08-19 13:58:20','1974-01-20 19:31:13'),(13,13,13,'Omnis voluptas numquam dolorum velit totam. Maiores ut mollitia repellendus reprehenderit eveniet earum. Sit consequatur voluptatem non nemo vel.','2009-03-20 09:15:13','1970-10-05 22:21:28'),(14,14,14,'Cupiditate porro doloribus deleniti quia voluptas earum mollitia. Soluta minima qui reiciendis similique illo. Non qui veniam velit sapiente repudiandae.','1971-02-22 06:17:33','1973-04-26 11:04:18'),(15,15,15,'Tenetur assumenda odio ea est qui recusandae harum. Soluta eos necessitatibus distinctio voluptatem sed. Animi doloremque facilis magni.','1978-08-11 07:05:32','1999-09-19 12:52:33'),(16,16,16,'Ut molestiae autem temporibus velit reprehenderit rerum eius. Id mollitia dicta ut sed blanditiis. Nemo eos itaque facilis ipsa nihil. Vitae assumenda quia eveniet fugit nesciunt magni.','2018-11-05 17:29:29','1990-05-10 07:58:09'),(17,17,17,'Labore aperiam incidunt quaerat modi provident. Mollitia sunt sunt voluptate eveniet quia laboriosam nam eos. Culpa optio vitae sed libero. Eligendi voluptatem at illo dicta.','1995-04-26 23:19:21','1991-01-03 12:59:31'),(18,18,18,'Est occaecati nisi totam omnis eos veritatis laboriosam cum. Repellendus suscipit facilis minima quae. Illo quis eveniet voluptas suscipit.','2008-11-25 12:58:29','1987-04-24 18:23:58'),(19,19,19,'Quos sed omnis odio sed exercitationem. Necessitatibus dolores et aspernatur dolorem minus cupiditate. Non voluptatem totam nostrum cum maxime. Explicabo porro et nihil dolore qui corrupti vel voluptatum.','2014-06-04 23:38:09','1997-05-17 06:32:04'),(20,20,20,'Qui provident nostrum voluptatem porro enim. Amet explicabo rerum voluptatem fugit. Doloremque quia nihil sit earum rem repudiandae. Fugiat optio ut possimus vitae assumenda.','2005-05-06 11:18:14','1986-04-23 14:39:42'),(21,21,21,'Omnis officia et dolores sunt et velit facere ipsam. Doloribus expedita occaecati in quasi saepe. Eaque sunt doloribus consequatur itaque minima explicabo aliquam aut. Et reprehenderit vel possimus. Quisquam sed placeat quisquam libero.','1981-12-30 13:48:42','1991-07-25 11:03:33'),(22,22,22,'Consequuntur culpa quia dolore quos voluptas dignissimos sit ut. Eligendi mollitia voluptatum quibusdam. Voluptatem consectetur et reprehenderit distinctio aliquid. Cupiditate qui non qui nulla ut.','1998-04-18 17:26:44','2014-01-03 02:17:58'),(23,23,23,'Eum facilis et maxime eum dolor natus et. Est quod ut repudiandae. Veniam at fugiat sequi et eius dolores maxime.','2018-08-01 16:57:03','2005-01-29 15:42:13'),(24,24,24,'Dolore et nisi consequatur eos et. Non eos blanditiis eligendi omnis ut. Temporibus dignissimos autem iste explicabo id.','1987-03-04 16:27:18','1970-10-27 19:12:53'),(25,25,25,'Qui officiis et expedita nemo ullam natus. Deserunt optio optio facere facere saepe quia qui unde. Ipsum modi excepturi cupiditate ea.','1999-07-20 03:34:03','2003-02-08 20:23:05'),(26,26,26,'Consectetur velit et qui. Non reprehenderit qui quibusdam eos suscipit harum. Ratione tempore non non necessitatibus. Non qui quaerat corporis vero fugiat.','2019-11-21 21:06:42','2006-12-03 21:09:44'),(27,27,27,'Eum ipsam enim dolor harum quia. Id odio ratione asperiores tenetur fuga vitae. Laboriosam animi et omnis sit. Architecto similique molestiae necessitatibus et.','1984-01-06 21:39:22','2008-08-31 10:45:16'),(28,28,28,'Consequatur consequatur deleniti nisi qui totam. Harum quis officiis ullam tenetur iusto enim. Veritatis ut quos dicta id officiis.','1996-12-03 22:59:07','1985-10-15 00:58:19'),(29,29,29,'Repellendus commodi aperiam possimus impedit. Dolores sed est quo et velit sequi aut. Vero similique quo veniam recusandae adipisci in. Error ut aut quae eos sunt.','1979-03-26 22:20:40','1971-12-12 22:52:45'),(30,30,30,'Dolorem occaecati nisi ex laborum. Est enim molestias architecto vel soluta similique quia. Voluptate reprehenderit perferendis dolor necessitatibus perferendis doloribus aspernatur in. Eum pariatur non amet libero architecto voluptatem.','1982-07-18 08:00:25','1970-08-17 01:15:50'),(31,31,31,'Et aut excepturi hic consectetur nulla ut necessitatibus est. Dicta voluptatem vel et voluptatem. Cumque sed quia quia consequatur inventore ea.','2006-05-11 13:42:52','2010-09-07 13:13:05'),(32,32,32,'Cumque repudiandae ab repellat voluptas. Nihil hic magnam maiores molestiae ut similique. Delectus maiores sit officiis non. Consectetur consequatur consequatur sunt doloribus ut. Delectus voluptas quod qui harum velit et et.','1999-01-01 22:01:21','1979-09-09 13:06:39'),(33,33,33,'Sit fugit aspernatur suscipit veritatis. Laborum quo fugit soluta ut. Quia laudantium qui quis et facere culpa qui.','1975-08-23 21:48:14','1975-11-09 14:31:29'),(34,34,34,'Alias animi officiis eligendi non. Accusamus id eum magni quae. Qui sed dolores et voluptatem ex corporis velit. Qui totam dicta voluptatem itaque.','1979-05-06 06:59:51','2010-03-16 08:27:40'),(35,35,35,'Dignissimos quos rem commodi dolor nesciunt. Cupiditate vel iste nostrum exercitationem deserunt molestiae perspiciatis. Explicabo molestias dolores voluptas.','1981-05-19 23:41:35','2007-11-27 06:02:42'),(36,36,36,'Quaerat et unde molestiae hic ipsa qui id. Ut magni autem inventore corrupti nisi. Aut natus tempore veniam a.','2014-04-19 00:32:01','1974-06-25 12:22:37'),(37,37,37,'Consectetur maxime quisquam accusantium provident maxime rerum. Nesciunt iusto recusandae aperiam numquam eum sint maiores. Saepe nihil ipsa cumque commodi. Corporis facilis veniam quo nobis voluptatem.','1994-01-07 13:54:20','1982-12-20 18:09:20'),(38,38,38,'At minima quis reprehenderit tempore. Delectus totam voluptatem deleniti asperiores est non quas. Adipisci qui nisi cum cum laborum.','1989-04-21 21:49:22','2017-12-06 08:03:14'),(39,39,39,'Nam qui quibusdam quae dolores eligendi voluptatem sint et. Fugit neque vel omnis autem laboriosam dolore vel fuga.','1984-07-02 15:54:31','1979-04-19 07:46:09'),(40,40,40,'Distinctio qui ipsum aliquam non. Esse aut quidem veniam.','1989-03-19 15:10:15','1993-05-22 19:49:19'),(41,41,41,'Quae explicabo enim voluptatem ducimus ipsam dolore qui. Alias harum omnis asperiores tempore placeat. Porro molestiae omnis quaerat commodi. Porro nisi necessitatibus enim ut.','1993-03-22 06:46:09','1983-05-20 19:37:59'),(42,42,42,'Vitae qui nihil sint accusamus veniam molestias qui nihil. Aliquid amet aut rerum tempora. Molestiae eaque cupiditate consequuntur consequatur facere dicta. Autem consectetur ut et tempore error.','1993-02-06 19:15:58','2016-01-16 15:17:30'),(43,43,43,'Qui facere odio maxime excepturi illum ut iusto. Animi aut ipsum ex inventore accusantium qui. Tempore modi quia magnam rem veritatis placeat aut.','1995-12-22 04:58:58','2017-12-09 02:15:24'),(44,44,44,'Repellendus incidunt sit perferendis incidunt sed. Et rerum harum quos doloremque suscipit sed sed voluptatem. Nostrum vero ut tempora voluptates. Quo natus et occaecati pariatur suscipit.','1970-12-31 01:48:11','1973-01-19 12:33:03'),(45,45,45,'Adipisci amet rerum minima et sunt. Voluptas nisi explicabo impedit aspernatur perspiciatis magni. Iste pariatur iusto quos perferendis dolorum esse maiores. Ratione expedita necessitatibus et.','2019-01-12 23:36:02','1984-06-01 04:26:32'),(46,46,46,'Ut quam recusandae porro labore consequatur distinctio sint. Dolor fugiat beatae consequatur. Consequatur sequi voluptatem quibusdam. Sit perspiciatis ab maiores a voluptatem sit.','1980-06-02 10:36:54','1980-10-01 12:33:22'),(47,47,47,'Odit architecto soluta sit sapiente quo voluptatem. Consectetur sit mollitia veniam rerum. Ut sit eum reiciendis dolor.','1978-09-09 01:55:59','2006-07-15 22:34:30'),(48,48,48,'Quia enim a excepturi odit deleniti vel. Velit quibusdam voluptatem eos nihil. Quia rem in nam at eligendi non.','1987-05-27 17:49:20','2019-03-27 14:36:06'),(49,49,49,'Quas aut aut quia dolores accusantium aut. A rerum accusantium aliquid adipisci animi distinctio. Possimus non minima consequatur eum veniam eius enim vitae. Debitis dicta quo iusto molestiae.','1985-06-03 00:56:01','1972-03-04 04:51:19'),(50,50,50,'Nostrum qui ut voluptatibus odio sit officia. Eligendi reprehenderit repellendus tenetur ad vel. Quia in nihil vitae tenetur voluptas. Voluptatibus distinctio quia dolorem omnis doloribus.','2010-08-18 16:09:17','1988-01-23 19:11:28'),(51,51,51,'A laudantium dignissimos aut placeat rerum. Non sed et expedita quos nam.','1994-07-10 04:16:55','2012-01-25 22:13:39'),(52,52,52,'Magnam eos et officiis voluptas quia ipsa. Sit laboriosam enim sed quo et ad. Laborum fugiat ipsam eos et perspiciatis necessitatibus. Aut voluptatem quidem quis voluptas facilis officia dolor.','2013-06-16 11:49:32','2001-04-06 01:35:26'),(53,53,53,'Sequi quia nihil tempora sed doloremque. Cumque vero quia ad quibusdam voluptatem. Iure et aperiam in modi voluptatem qui distinctio veniam. Nulla minus quia sed. Dolores nam dolorem quibusdam consequatur molestiae dolores voluptas.','1990-08-07 03:00:22','1970-02-04 22:56:45'),(54,54,54,'Perferendis nulla non harum similique provident quidem. Autem rerum placeat repellat qui non. Saepe suscipit vitae tempore optio et dicta architecto. Quidem voluptatem enim quibusdam ut aut. Quasi aut sint architecto eius a.','1986-03-10 16:36:09','1999-10-24 02:39:45'),(55,55,55,'Tenetur libero aut voluptatem ut. Id cum quo est provident.','1991-01-01 19:43:35','2020-06-09 04:18:41'),(56,56,56,'Fugiat et debitis ab id inventore officiis laudantium illo. Ut repellat velit nobis. Fugiat non dolor dolore neque sit officiis voluptatem. Eligendi dolores ad enim architecto.','2005-10-08 02:08:38','1997-12-16 21:44:15'),(57,57,57,'Qui et ipsa et perferendis. Et occaecati ea mollitia magni voluptatem enim fugit et. Est quia quia voluptas et incidunt. Molestiae molestias consequatur dolore quae tempore enim qui nisi. Corporis occaecati nostrum ad consequatur eaque ex aperiam.','2017-12-20 20:26:21','1986-05-23 09:56:31'),(58,58,58,'Quo ea delectus soluta. Alias possimus qui quidem et omnis repellat aperiam. Ad vel eum aliquam. In qui tenetur alias a quia odit animi quidem.','1996-02-22 20:22:56','2001-12-09 17:32:39'),(59,59,59,'Assumenda dolorum ipsa ut consectetur placeat ipsam aperiam. Et voluptates nostrum nihil voluptas distinctio suscipit saepe. Sed recusandae numquam voluptatum esse ipsam qui optio velit.','1977-04-24 04:32:07','2003-11-07 23:26:23'),(60,60,60,'Sed modi iste ea nobis repellendus vel. Voluptatibus et non ea quia accusamus voluptatem. Id repudiandae sunt a eaque.','1994-08-09 20:15:15','1979-06-07 11:52:49'),(61,61,61,'Dolores quibusdam exercitationem et quasi animi tempore sint. Eaque doloremque et illo quod. Ducimus suscipit et quisquam ut fugit aut aut et. Quos assumenda dolore officiis iusto unde animi ut. Eos molestias cupiditate est eos.','2001-01-18 00:50:42','2000-05-09 05:34:18'),(62,62,62,'Nisi voluptas ipsa consequatur sed exercitationem. Voluptatem excepturi natus saepe enim est dolor id. Quis voluptatem possimus dolorem aperiam exercitationem adipisci explicabo. Ea quas saepe quasi iure.','2005-04-07 08:58:51','2017-01-19 07:03:52'),(63,63,63,'Ad et dolorem quia quia cum nemo. Incidunt facere aliquid deserunt. Rem quia voluptate reprehenderit amet iste pariatur quas. Vero recusandae ducimus qui voluptatem quae deleniti.','1997-11-14 19:07:47','2016-12-05 19:22:33'),(64,64,64,'Autem nobis asperiores ducimus in. Voluptas est expedita voluptatem. Maiores accusantium repudiandae doloribus quo. Perferendis ipsa qui odit illo quis praesentium quia.','1988-04-20 10:39:13','2000-08-28 04:23:24'),(65,65,65,'Repellendus enim adipisci totam omnis. Voluptatum aut impedit ipsa deserunt ea iure sit. At quia expedita velit. Voluptatem et vitae in sunt.','1979-08-15 09:58:13','2013-05-28 17:26:06'),(66,66,66,'Sed qui asperiores animi. Quos ipsam aut harum consectetur iste.','1992-08-25 12:06:27','1980-01-03 09:25:08'),(67,67,67,'Et non ipsa saepe sed facere. Aut illo in qui. Qui deserunt itaque aliquam itaque quo.','2006-06-02 06:33:24','2005-01-31 08:52:09'),(68,68,68,'Quis harum quas aut tempore minima doloremque enim. Dolor debitis incidunt quas et cumque ipsum eveniet. Earum quas nemo atque autem reiciendis sit quaerat ea. Vero necessitatibus et tempore ipsam porro aut.','1970-01-13 23:48:40','1996-11-13 14:17:33'),(69,69,69,'Unde dolor voluptatem voluptatum non. Dolorem rerum dolorum eos ullam. Laborum nisi magnam est culpa. Aut sed autem corrupti sit illum.','1994-09-04 00:32:20','1999-08-12 14:55:40'),(70,70,70,'Ut laborum id eaque velit. Sit qui ratione veritatis consequatur. In dolor laborum fugiat magni unde quos minima.','2007-03-27 05:01:39','1993-08-22 21:45:13'),(71,71,71,'Quidem enim voluptatem dicta impedit ut ut enim. Animi ut optio quis quis. Fuga velit non voluptatem.','2004-06-07 15:06:01','2016-06-28 19:36:39'),(72,72,72,'Tenetur omnis velit dolores delectus minus quidem. Ex in ea alias consectetur eius cumque perspiciatis. Saepe animi illo neque hic iste rerum. Modi eveniet magni totam eos placeat at tempora.','1983-12-02 09:47:12','1997-12-06 15:26:11'),(73,73,73,'Officiis in non architecto neque et animi eligendi. Recusandae ratione et dolore iusto expedita. Corporis voluptates quis reiciendis suscipit. Magni aspernatur minus molestias et. Quaerat qui culpa est nobis dicta nihil.','1980-01-02 07:22:36','1991-12-24 09:35:15'),(74,74,74,'Error omnis culpa tempore molestias sed consequatur. Ad velit ullam aut. Id qui quos magni laborum nostrum. Laudantium illo expedita expedita rerum quia praesentium architecto voluptatem.','2000-07-26 07:37:11','1996-02-07 11:09:53'),(75,75,75,'Enim sint dolorem veniam debitis accusamus qui. Ut sit rerum minus perferendis sed. Maxime perferendis eligendi optio.','2000-11-30 04:26:25','2013-01-28 01:23:11'),(76,76,76,'Id molestias est laudantium atque quo. Mollitia omnis doloribus laborum id. Inventore sed necessitatibus sequi quae.','2015-10-04 17:29:08','2004-07-11 09:59:23'),(77,77,77,'Id sed rem et aliquid et. Rem tempora alias maxime natus dolorem debitis. Adipisci incidunt et sunt consequatur qui. Explicabo et ut officia blanditiis esse nesciunt repellat.','2007-06-06 23:12:30','2008-03-18 00:32:00'),(78,78,78,'Dolores id assumenda cum. Quas iste laboriosam voluptatem molestiae. Quia ut id sunt est eligendi.','1996-10-02 16:03:31','1998-12-08 01:34:21'),(79,79,79,'Rerum quaerat odio non ad quis sunt. Eaque similique molestias voluptatum. Quo officiis voluptates nihil vero.','1978-02-19 03:43:19','2005-04-20 09:09:09'),(80,80,80,'Optio qui non neque quasi debitis. Illum velit non totam laboriosam cum. Cum sunt quas ipsam nam. Optio officiis quaerat suscipit est quisquam hic delectus.','2002-10-21 08:43:41','1985-07-20 07:33:45'),(81,81,81,'Culpa magni voluptas ex sunt alias soluta et. Doloribus ipsum in qui ratione excepturi. Saepe qui alias exercitationem ut aut quo nihil.','2013-01-24 15:10:06','1977-04-11 15:37:20'),(82,82,82,'Vero voluptatem quo qui autem. Omnis sed velit quidem ut nulla.','1982-06-12 02:57:05','1995-10-25 02:58:01'),(83,83,83,'Nesciunt aut nam minus fugit quia. Et ut dolor maxime beatae. Consequatur quaerat neque voluptas quidem illo. Quaerat qui rerum dolor nemo ut.','1991-09-16 04:33:21','1992-03-30 14:02:47'),(84,84,84,'Voluptatem voluptate nulla corrupti repudiandae nihil qui dolorum. Earum earum et omnis et illum consequuntur. Voluptas iure porro explicabo neque non. Nam quidem maiores provident et.','2006-05-15 05:39:57','2002-07-21 15:31:37'),(85,85,85,'Quis odio placeat sunt architecto error autem et. Eos incidunt quia et exercitationem quos. Voluptatem illum id et quis vel vero placeat. Ullam voluptate enim quidem molestias et voluptatem occaecati.','2009-10-30 16:53:42','1978-03-06 00:17:47'),(86,86,86,'Illum tempore nulla dolor laudantium qui veniam. Vitae minus vero quidem adipisci. At perferendis sunt vel laborum est ullam. Sequi provident aspernatur voluptatem laboriosam doloremque.','1992-06-02 08:20:59','1998-07-10 10:18:13'),(87,87,87,'Et id illum dicta consequuntur et temporibus. Molestias voluptatem est esse esse. Doloribus possimus vel maxime animi fugiat porro repellat veritatis. Optio voluptas architecto molestias dolor rem eum voluptate.','2016-01-06 08:42:44','2002-02-10 12:11:50'),(88,88,88,'Consequatur qui error eum. Accusamus nisi cumque omnis iste. Dolor aut quas accusantium ratione. Laboriosam culpa sit maxime minus non. Cupiditate rerum eaque aut culpa.','2006-08-27 06:50:02','2007-06-10 09:25:17'),(89,89,89,'Error aut dolore fuga nobis unde error. Ut ut quia tenetur ipsa dicta atque ab. Laboriosam sit quam dolorem dolores ut architecto. Beatae expedita laudantium nulla minus molestiae.','2001-03-10 20:53:30','1978-10-08 10:49:02'),(90,90,90,'Laudantium quod neque non laudantium sunt officia modi possimus. Sit aut nihil nemo eum nam rem.','1993-06-17 23:10:15','2015-10-06 06:41:21'),(91,91,91,'Ducimus aut dolorem quis esse atque aperiam. Eius praesentium voluptatem dolores quo qui ut voluptas. Tempore non vero aut voluptatem consequatur earum aut. Inventore mollitia non ullam.','2012-02-07 04:49:08','1988-02-01 07:15:58'),(92,92,92,'Et rem exercitationem laboriosam officiis hic aut in. Ut ex quia omnis odit vitae. Quaerat eligendi quasi aspernatur explicabo et suscipit a. Voluptas et alias animi ea dolor cumque.','1994-12-30 01:16:04','2014-09-03 10:37:24'),(93,93,93,'Non provident dolore culpa. Voluptatem nobis blanditiis eum sit. Quo assumenda pariatur vel rerum. Numquam nisi provident soluta est dicta eum veniam cupiditate.','2001-02-03 19:36:06','2009-10-28 11:43:55'),(94,94,94,'Iure nisi explicabo animi explicabo in. Corporis quia voluptatem laborum quo. Explicabo dolore modi iusto perspiciatis.','1972-07-27 07:48:16','2018-05-05 01:24:48'),(95,95,95,'Aliquid amet id libero soluta soluta. At aspernatur eligendi nostrum vel dolor sit illo. Delectus quia explicabo ex vel laborum dolorem.','2003-02-21 12:44:58','1990-09-13 06:19:29'),(96,96,96,'Labore sit aut dolores delectus. Asperiores id distinctio iusto error. Dolore voluptate cum quibusdam. Officia nobis sit ducimus rerum ratione quis voluptatem.','1997-03-18 15:09:32','2002-12-07 09:00:05'),(97,97,97,'Dolores odio sed quasi. Eum praesentium aperiam qui eos possimus voluptatem voluptas perspiciatis.','2000-12-04 00:29:34','1989-04-04 03:13:06'),(98,98,98,'Earum reprehenderit veritatis sunt velit expedita laudantium reprehenderit maxime. Qui ratione natus fugiat et recusandae libero nisi itaque. Praesentium veniam ut enim blanditiis libero pariatur vitae blanditiis.','2014-07-26 18:57:00','1998-12-07 22:27:18'),(99,99,99,'Impedit velit aperiam error voluptate omnis. Cum commodi officia nobis. Voluptatem id aliquam doloremque et nostrum consequatur. Reiciendis voluptatibus deserunt itaque est.','2017-02-19 10:06:18','1971-10-08 13:42:22'),(100,100,100,'Quisquam qui inventore eaque distinctio atque. Vel similique dolores sapiente architecto ea dolores atque illum. Est quis in deleniti eos totam expedita repellat.','2004-04-11 07:43:43','1989-02-15 14:55:26');
/*!40000 ALTER TABLE `comments` ENABLE KEYS */;
UNLOCK TABLES;

--
-- Table structure for table `communities`
--

DROP TABLE IF EXISTS `communities`;
/*!40101 SET @saved_cs_client     = @@character_set_client */;
/*!50503 SET character_set_client = utf8mb4 */;
CREATE TABLE `communities` (
  `id` bigint unsigned NOT NULL AUTO_INCREMENT,
  `name` varchar(255) DEFAULT NULL,
  PRIMARY KEY (`id`),
  UNIQUE KEY `id` (`id`),
  KEY `name` (`name`)
) ENGINE=InnoDB AUTO_INCREMENT=101 DEFAULT CHARSET=utf8mb4 COLLATE=utf8mb4_0900_ai_ci;
/*!40101 SET character_set_client = @saved_cs_client */;

--
-- Dumping data for table `communities`
--

LOCK TABLES `communities` WRITE;
/*!40000 ALTER TABLE `communities` DISABLE KEYS */;
INSERT INTO `communities` VALUES (33,'accusantium'),(83,'amet'),(78,'asperiores'),(46,'aspernatur'),(18,'at'),(75,'atque'),(10,'autem'),(13,'autem'),(59,'autem'),(86,'autem'),(54,'consequuntur'),(95,'corporis'),(31,'cupiditate'),(19,'dignissimos'),(57,'dignissimos'),(35,'dolor'),(15,'dolore'),(12,'dolorem'),(93,'doloremque'),(98,'eaque'),(34,'earum'),(77,'enim'),(20,'eos'),(38,'eos'),(9,'est'),(24,'est'),(84,'est'),(2,'et'),(52,'et'),(61,'et'),(73,'et'),(89,'et'),(8,'eum'),(42,'eum'),(96,'eveniet'),(26,'explicabo'),(70,'facere'),(72,'facere'),(21,'harum'),(69,'hic'),(23,'illo'),(6,'illum'),(7,'illum'),(88,'illum'),(14,'impedit'),(49,'in'),(68,'in'),(100,'in'),(90,'inventore'),(37,'ipsum'),(97,'ipsum'),(30,'iste'),(32,'iste'),(36,'itaque'),(53,'libero'),(50,'mollitia'),(92,'nisi'),(16,'nobis'),(27,'nulla'),(3,'numquam'),(85,'odio'),(65,'officia'),(94,'officia'),(17,'optio'),(44,'possimus'),(91,'possimus'),(48,'praesentium'),(63,'quas'),(55,'qui'),(5,'quia'),(99,'quia'),(43,'quibusdam'),(56,'quidem'),(87,'quis'),(39,'quisquam'),(66,'quo'),(51,'quod'),(25,'ratione'),(60,'recusandae'),(22,'reprehenderit'),(41,'repudiandae'),(80,'rerum'),(28,'sapiente'),(58,'sapiente'),(47,'sequi'),(71,'sint'),(76,'sint'),(62,'sit'),(64,'sit'),(29,'sunt'),(45,'unde'),(4,'ut'),(40,'ut'),(67,'ut'),(74,'ut'),(79,'veniam'),(82,'veniam'),(11,'voluptate'),(81,'voluptatem'),(1,'voluptatum');
/*!40000 ALTER TABLE `communities` ENABLE KEYS */;
UNLOCK TABLES;

--
-- Table structure for table `friend_requests`
--

DROP TABLE IF EXISTS `friend_requests`;
/*!40101 SET @saved_cs_client     = @@character_set_client */;
/*!50503 SET character_set_client = utf8mb4 */;
CREATE TABLE `friend_requests` (
  `initiator_user_id` bigint unsigned NOT NULL,
  `target_user_id` bigint unsigned NOT NULL,
  `satus` enum('requested','approved','unfriended','declined') DEFAULT 'requested',
  `requested_at` datetime DEFAULT CURRENT_TIMESTAMP,
  `confirmed_at` datetime DEFAULT NULL,
  PRIMARY KEY (`initiator_user_id`,`target_user_id`),
  KEY `initiator_user_id` (`initiator_user_id`),
  KEY `target_user_id` (`target_user_id`),
  CONSTRAINT `friend_requests_ibfk_1` FOREIGN KEY (`initiator_user_id`) REFERENCES `users` (`id`),
  CONSTRAINT `friend_requests_ibfk_2` FOREIGN KEY (`target_user_id`) REFERENCES `users` (`id`)
) ENGINE=InnoDB DEFAULT CHARSET=utf8mb4 COLLATE=utf8mb4_0900_ai_ci;
/*!40101 SET character_set_client = @saved_cs_client */;

--
-- Dumping data for table `friend_requests`
--

LOCK TABLES `friend_requests` WRITE;
/*!40000 ALTER TABLE `friend_requests` DISABLE KEYS */;
INSERT INTO `friend_requests` VALUES (1,1,'declined','1971-09-14 18:16:36','1991-09-13 00:19:35'),(2,2,'requested','2001-07-01 23:39:52','2008-07-05 02:42:13'),(3,3,'unfriended','1990-07-04 19:54:50','1990-08-23 17:18:11'),(4,4,'declined','2019-07-10 09:57:03','1978-04-08 08:25:23'),(5,5,'declined','2015-11-25 09:35:35','1977-10-25 10:44:58'),(6,6,'requested','1970-06-17 08:55:20','1989-08-18 08:09:24'),(7,7,'declined','2013-05-13 12:01:00','1971-08-18 18:06:26'),(8,8,'requested','2018-06-29 12:22:33','2011-11-26 09:04:59'),(9,9,'declined','2006-09-28 10:48:17','2006-12-22 05:54:45'),(10,10,'unfriended','1998-01-31 21:00:42','1977-02-24 06:40:02'),(11,11,'declined','2003-01-05 20:37:47','2008-02-20 13:32:45'),(12,12,'declined','1973-04-22 07:48:36','1973-06-05 15:50:51'),(13,13,'approved','1970-08-31 16:31:52','2009-12-25 00:10:55'),(14,14,'approved','1999-03-22 17:00:15','2008-10-29 03:47:47'),(15,15,'requested','2007-04-22 23:24:06','2007-11-11 10:45:28'),(16,16,'requested','2000-04-28 07:17:47','1996-07-12 11:37:05'),(17,17,'approved','2001-07-31 05:29:51','1983-08-05 15:55:01'),(18,18,'approved','2012-11-04 11:03:30','1991-07-22 11:50:28'),(19,19,'requested','1997-05-27 06:05:05','2014-01-04 17:45:01'),(20,20,'requested','1974-03-30 17:25:30','2012-01-29 02:31:20'),(21,21,'approved','2004-06-17 04:04:24','1996-06-18 12:52:26'),(22,22,'approved','1996-04-06 18:32:20','2002-11-16 03:22:24'),(23,23,'requested','1985-07-16 09:18:04','1988-02-16 01:53:27'),(24,24,'approved','2004-01-25 13:20:31','1989-07-05 15:00:28'),(25,25,'requested','2014-03-26 04:35:12','1988-05-15 00:41:55'),(26,26,'unfriended','2003-10-03 18:04:35','1988-02-18 07:08:31'),(27,27,'requested','2020-01-08 14:39:56','2008-04-28 04:16:56'),(28,28,'approved','1978-03-17 02:04:48','2003-06-28 08:41:08'),(29,29,'unfriended','2007-10-22 22:48:20','2010-12-25 14:05:03'),(30,30,'requested','1976-03-06 14:51:02','1993-09-28 12:13:20'),(31,31,'declined','1993-11-16 14:01:32','2005-07-21 01:19:10'),(32,32,'unfriended','1976-04-17 18:41:32','2015-01-25 14:11:50'),(33,33,'approved','1983-02-02 17:47:30','2002-07-15 10:40:43'),(34,34,'unfriended','1973-06-11 06:34:37','1990-05-05 09:24:39'),(35,35,'declined','2003-11-13 18:09:45','2013-12-15 05:38:19'),(36,36,'requested','2007-12-01 21:50:03','2011-11-15 06:50:26'),(37,37,'approved','2014-09-03 10:00:08','1994-03-24 19:13:27'),(38,38,'requested','2016-07-13 09:41:49','1973-07-11 22:58:09'),(39,39,'requested','1980-07-23 12:15:02','1983-06-22 20:24:56'),(40,40,'approved','1972-12-03 08:44:37','1981-10-25 05:20:12'),(41,41,'approved','1974-03-05 15:12:26','2006-11-16 14:37:52'),(42,42,'approved','2013-01-09 06:36:06','2020-01-01 23:13:26'),(43,43,'requested','1976-10-26 04:00:07','2020-06-05 07:32:38'),(44,44,'requested','1976-09-28 14:51:09','1996-08-12 11:30:32'),(45,45,'requested','2018-09-16 14:10:06','2010-09-09 01:43:12'),(46,46,'unfriended','1978-01-06 18:10:27','1970-11-15 20:05:28'),(47,47,'unfriended','1986-11-29 08:57:47','1987-08-20 20:31:35'),(48,48,'approved','2005-06-23 16:35:10','1995-12-04 03:17:43'),(49,49,'declined','2004-10-08 14:58:49','1982-10-27 05:32:09'),(50,50,'declined','2014-07-22 09:19:15','2004-07-03 16:38:02'),(51,51,'unfriended','2004-02-21 19:41:23','2013-04-12 02:08:22'),(52,52,'declined','2005-08-12 08:04:07','1983-05-23 03:31:34'),(53,53,'declined','1995-01-13 16:29:29','2019-01-01 06:43:50'),(54,54,'unfriended','2004-09-12 15:25:41','1976-11-14 19:37:58'),(55,55,'unfriended','1993-01-19 07:43:00','1992-12-30 06:04:41'),(56,56,'declined','2012-12-15 14:56:00','2001-06-15 16:02:02'),(57,57,'declined','2012-04-03 16:03:05','2000-07-20 05:46:50'),(58,58,'requested','2004-07-18 08:34:17','1991-04-30 13:39:51'),(59,59,'requested','2013-10-25 19:49:44','1984-02-04 01:10:39'),(60,60,'approved','2014-10-13 00:55:30','2019-03-22 07:21:59'),(61,61,'declined','1973-06-09 16:58:33','2014-11-23 21:35:17'),(62,62,'approved','1988-11-03 01:03:20','1972-02-13 04:16:03'),(63,63,'declined','1975-06-03 12:22:53','1992-03-12 22:40:45'),(64,64,'unfriended','1989-12-22 09:59:36','1992-09-15 01:08:40'),(65,65,'declined','2000-04-12 15:39:22','1987-08-02 05:12:32'),(66,66,'unfriended','2012-09-19 09:41:18','1985-07-09 03:30:03'),(67,67,'declined','2003-09-05 23:54:48','1972-05-29 18:29:24'),(68,68,'approved','1984-06-24 10:08:02','1971-04-04 15:59:03'),(69,69,'requested','2001-07-17 06:43:32','1982-02-11 23:17:36'),(70,70,'requested','1976-12-03 14:11:13','2014-04-20 05:19:07'),(71,71,'declined','1976-04-01 10:48:54','2003-05-11 08:35:02'),(72,72,'unfriended','1973-02-26 22:21:02','1993-07-25 22:42:17'),(73,73,'declined','2019-02-21 19:20:18','2000-01-01 13:41:28'),(74,74,'approved','1979-01-17 05:36:30','2010-02-07 10:36:41'),(75,75,'requested','2005-11-15 11:56:26','2020-06-30 07:44:02'),(76,76,'approved','1984-01-28 01:14:07','2003-09-26 11:33:04'),(77,77,'requested','1984-11-14 00:15:40','1992-07-16 05:49:21'),(78,78,'declined','1998-03-03 11:22:18','1982-06-28 21:50:19'),(79,79,'requested','1995-09-21 15:33:10','1982-09-14 22:30:22'),(80,80,'approved','1987-09-07 22:52:37','1978-12-15 03:31:11'),(81,81,'unfriended','1996-02-29 00:18:16','2010-11-15 02:14:51'),(82,82,'approved','2002-05-11 08:17:46','1997-01-11 05:56:46'),(83,83,'approved','1971-12-09 18:45:26','1997-06-26 02:19:29'),(84,84,'declined','1996-10-27 08:25:16','2002-11-26 17:24:45'),(85,85,'unfriended','1996-02-23 09:24:02','1971-03-06 10:54:39'),(86,86,'approved','1986-09-26 20:54:36','1985-01-28 06:35:51'),(87,87,'requested','1993-04-29 15:35:47','2018-12-05 04:29:45'),(88,88,'declined','1985-03-06 14:57:59','1977-05-18 13:00:44'),(89,89,'approved','2001-08-01 21:51:48','1984-06-23 20:41:08'),(90,90,'declined','1979-06-09 14:04:44','1971-08-03 01:52:18'),(91,91,'unfriended','1978-06-15 15:47:42','2011-07-07 15:47:16'),(92,92,'unfriended','1997-11-05 20:37:36','1989-05-26 03:16:56'),(93,93,'declined','2012-07-05 07:32:48','2016-06-01 18:37:04'),(94,94,'requested','1972-01-21 09:50:12','2015-01-29 03:12:19'),(95,95,'approved','2009-02-08 13:46:07','2001-09-07 00:38:23'),(96,96,'declined','1972-04-24 00:20:03','1974-07-26 11:19:28'),(97,97,'declined','1984-02-21 05:49:24','2013-05-03 21:12:19'),(98,98,'declined','2005-05-14 02:13:27','1995-10-14 02:00:56'),(99,99,'approved','2005-08-28 09:14:47','1978-10-30 00:45:44'),(100,100,'approved','2010-12-15 01:14:21','1988-01-05 21:39:47');
/*!40000 ALTER TABLE `friend_requests` ENABLE KEYS */;
UNLOCK TABLES;

--
-- Table structure for table `messages`
--

DROP TABLE IF EXISTS `messages`;
/*!40101 SET @saved_cs_client     = @@character_set_client */;
/*!50503 SET character_set_client = utf8mb4 */;
CREATE TABLE `messages` (
  `id` bigint unsigned NOT NULL AUTO_INCREMENT,
  `from_user_id` bigint unsigned NOT NULL,
  `to_user_id` bigint unsigned NOT NULL,
  `body` text,
  `is_read` tinyint(1) DEFAULT NULL,
  `created_at` datetime DEFAULT CURRENT_TIMESTAMP,
  PRIMARY KEY (`id`),
  UNIQUE KEY `id` (`id`),
  KEY `from_user_id` (`from_user_id`),
  KEY `to_user_id` (`to_user_id`),
  CONSTRAINT `messages_ibfk_1` FOREIGN KEY (`from_user_id`) REFERENCES `users` (`id`),
  CONSTRAINT `messages_ibfk_2` FOREIGN KEY (`to_user_id`) REFERENCES `users` (`id`)
) ENGINE=InnoDB AUTO_INCREMENT=101 DEFAULT CHARSET=utf8mb4 COLLATE=utf8mb4_0900_ai_ci;
/*!40101 SET character_set_client = @saved_cs_client */;

--
-- Dumping data for table `messages`
--

LOCK TABLES `messages` WRITE;
/*!40000 ALTER TABLE `messages` DISABLE KEYS */;
INSERT INTO `messages` VALUES (1,1,1,'Ab rem ex et vel odio eos. Placeat necessitatibus minima omnis reiciendis officia. Et ipsa nulla labore hic culpa culpa.',0,'1989-11-30 05:49:16'),(2,2,2,'Iusto fugit at commodi natus ea laudantium velit. Quisquam temporibus iusto quos at placeat qui et. Nihil et qui ipsa officiis soluta qui exercitationem quia. Temporibus distinctio veritatis quia atque ullam et inventore.',1,'2014-10-17 07:43:35'),(3,3,3,'Voluptas quidem repellendus commodi et iusto eveniet non. Nihil accusamus alias dolor molestiae ipsa et necessitatibus. Qui alias quidem porro deleniti et veniam.',1,'2006-07-17 09:25:56'),(4,4,4,'Rerum consequatur id molestiae repudiandae omnis exercitationem. Quasi provident iusto deserunt repudiandae reiciendis. Hic non id nihil qui error rerum.',1,'2020-05-30 19:57:36'),(5,5,5,'Saepe adipisci dolores pariatur est et. Velit aliquam veritatis maxime. Recusandae similique beatae dicta at doloribus voluptatem ut. Non ut ex velit debitis ullam nesciunt reprehenderit minima.',1,'1976-11-18 22:22:21'),(6,6,6,'Voluptatibus quaerat eum voluptatem ut. Nesciunt earum expedita ipsam rerum. Ad nemo et deleniti aut eveniet maxime aspernatur.',0,'2001-04-05 09:58:31'),(7,7,7,'Sapiente earum cupiditate et nostrum labore. Sint animi repudiandae voluptas error laborum consequuntur qui. Fugit facilis et voluptate ducimus.',1,'1990-10-26 02:13:43'),(8,8,8,'Nobis omnis officiis sit magni accusantium est. Sed alias soluta aut est vel at. Placeat sed praesentium ea delectus eos odio ut.',0,'1991-06-19 19:00:24'),(9,9,9,'Dolore esse voluptate soluta eum. Quo optio voluptas autem deserunt.',0,'1974-07-29 23:20:27'),(10,10,10,'Exercitationem iure eum deserunt ut. Accusantium tenetur reiciendis vel quisquam autem. Dolor facere maiores dolor sunt nobis et laudantium.',0,'2013-01-13 12:16:14'),(11,11,11,'Temporibus rem iusto quae. Id tempora velit et. Quibusdam doloremque dolores at sint saepe nobis. Quia quae minima quam rerum libero molestiae.',0,'2017-03-14 00:02:12'),(12,12,12,'Ex sint eum error animi. Dolore praesentium magni quia. Dolor libero et quia iure architecto. Est est minus delectus mollitia laborum culpa odio accusantium.',0,'1993-11-01 19:37:06'),(13,13,13,'Et eum nesciunt sapiente quasi quaerat accusamus quod necessitatibus. Quasi vel ea commodi voluptatem velit asperiores sequi. Modi numquam ut qui modi.',1,'1991-05-19 01:09:03'),(14,14,14,'Nisi explicabo consequuntur laborum nihil mollitia ea. Ipsum maxime qui a omnis corporis. Aut ut suscipit unde consectetur rerum quae est. Iure beatae corporis sunt dicta at sequi.',1,'2010-10-28 17:39:27'),(15,15,15,'Consequatur quia quae repellat necessitatibus labore. Facilis ut temporibus perspiciatis mollitia. Eum modi voluptatum molestias minus quae omnis accusantium.',1,'1989-09-01 07:12:57'),(16,16,16,'Odit maxime rerum officiis omnis deleniti odio nihil provident. Provident exercitationem nostrum consectetur expedita. Ut ut cum voluptatem magni qui. Incidunt quia quisquam eaque quo et laboriosam.',1,'2002-09-25 10:30:37'),(17,17,17,'Repellat doloribus perferendis quo quia consectetur. Voluptas rerum quis velit labore cupiditate repellat possimus. Autem libero ut fugiat quia. Sed voluptatem veniam qui in nostrum et explicabo ex.',0,'1994-08-12 00:50:23'),(18,18,18,'Dolorum laboriosam nostrum et recusandae. Odio natus nisi aliquid nobis laboriosam qui ex. Provident autem accusantium officia ipsam. Non dolores iusto enim porro deserunt quia.',1,'1980-01-25 23:49:46'),(19,19,19,'Animi voluptatem minima quo eligendi voluptatem dolorem. Voluptatum ipsum suscipit possimus quia veniam cupiditate repudiandae. Quidem asperiores distinctio debitis consectetur aliquam. Voluptatem hic quibusdam nemo modi ut similique accusamus.',1,'2000-09-20 01:48:52'),(20,20,20,'Omnis iure dolor vel et sint asperiores. Placeat et dolor vel modi voluptatem. Dolores quam consequatur non. Nihil pariatur est qui aliquid ut.',0,'2009-02-08 01:48:43'),(21,21,21,'Et explicabo cumque officia facere repellendus est perferendis. Sed delectus voluptatem ipsa porro. Voluptas voluptates beatae laborum aut deserunt asperiores. Commodi excepturi odio sapiente mollitia facere cum. Magnam eum et quo sit velit vero architecto.',0,'2012-06-29 02:35:53'),(22,22,22,'Eligendi consequatur quas ad molestias vero consequatur. Quam et vel sit deserunt. Sed laborum quis omnis mollitia necessitatibus magnam placeat. Qui sit facere enim et.',0,'1970-10-18 06:06:29'),(23,23,23,'Possimus quia est nisi quisquam sed. Veniam eos totam reprehenderit maiores error consectetur iure. Explicabo mollitia ut qui. Quia error aut cumque rerum.',1,'2019-05-06 23:35:36'),(24,24,24,'Qui earum accusantium repellat qui. Hic omnis qui quasi voluptate totam. Vero molestias quibusdam sed assumenda possimus fuga veritatis.',1,'2015-07-13 12:26:47'),(25,25,25,'Officiis quod sunt possimus maxime corrupti quia. Sit ipsum exercitationem totam facere.',0,'1997-12-03 20:10:09'),(26,26,26,'Iure inventore ea est debitis quia libero deserunt. Quos voluptates praesentium magni. Debitis sed aut qui laborum delectus. Et dignissimos suscipit rerum aliquam.',1,'1999-01-03 08:07:40'),(27,27,27,'Et reiciendis optio quasi atque possimus praesentium ipsa officia. Nihil facilis inventore voluptatem. Nesciunt neque qui impedit eligendi excepturi repudiandae.',0,'2007-05-13 11:20:31'),(28,28,28,'Illum dolore velit quas similique et explicabo similique. Voluptates odio veniam maiores voluptas enim fuga. Incidunt repudiandae consequuntur perferendis.',1,'1972-12-11 01:45:57'),(29,29,29,'A nihil nulla magni quia enim. Sed et aliquid voluptate. Neque qui sit quod laudantium qui nam voluptatum.',0,'1992-03-31 12:47:05'),(30,30,30,'Et sit iure voluptatem laborum voluptate omnis fuga. Id id id voluptatem nihil.',0,'1970-05-24 04:40:06'),(31,31,31,'Autem eius tempora quam tempora exercitationem. Iusto dolor deserunt laboriosam voluptas aut. Dolores sapiente et quia dolorum laudantium deleniti. Et pariatur explicabo earum pariatur possimus perferendis.',0,'2013-06-06 22:07:21'),(32,32,32,'Eius et ea sit. Et et commodi molestiae recusandae cum non perspiciatis. Porro quas et a ipsam tempore. Omnis temporibus eum error nam minus qui rerum accusantium.',1,'2007-05-24 07:06:42'),(33,33,33,'Vitae autem cum aut dolores. Ut aliquam a impedit cum ipsa deleniti tempora. Doloribus fugiat iste voluptas fugit harum velit et earum. Fugiat soluta iure vel saepe.',1,'1996-01-30 16:29:14'),(34,34,34,'Ipsum quia rerum ipsam quo accusantium. Quis iure id consequuntur reprehenderit voluptatem. Eligendi magnam incidunt dolorem vel dolores. Hic fugiat culpa qui et impedit mollitia.',1,'2008-06-05 03:40:07'),(35,35,35,'Error saepe ea doloremque autem dolor et. Vitae voluptatem quisquam ad ad quos quis ea. Sunt est itaque quasi atque ut unde excepturi quis. Nesciunt ut temporibus est qui qui.',1,'1985-06-12 23:42:11'),(36,36,36,'Consequatur ullam facere recusandae et. Beatae sunt sed sed libero voluptas. Est quae incidunt dolores voluptas et maxime saepe ut. Nulla incidunt dolorem illo quidem iure deserunt ut.',1,'2018-07-21 22:47:45'),(37,37,37,'Nam dolores esse id inventore est. Est rerum sint dolore vel cupiditate non ullam. Voluptas eveniet tempore unde sunt assumenda omnis ipsam. Quaerat sint delectus molestiae adipisci pariatur.',0,'1970-01-03 02:09:00'),(38,38,38,'Illo commodi qui delectus magnam. Quia consequatur qui provident minus exercitationem. Sed sunt deleniti omnis nesciunt dolores similique alias.',1,'1998-01-10 03:29:20'),(39,39,39,'Rem illo explicabo eveniet quo quidem dicta. Sed quibusdam qui quisquam. Incidunt perferendis sit facere a ducimus minima. Blanditiis voluptatem voluptatem velit veniam.',0,'1970-06-07 09:32:28'),(40,40,40,'Alias est eum laudantium sunt rerum illum ipsum. Voluptate occaecati tenetur corrupti et reprehenderit. At quis officia reprehenderit in repellendus nam dolorum.',0,'1977-01-28 19:01:54'),(41,41,41,'Quia blanditiis nobis possimus ut voluptas ex. Praesentium quia in impedit ea iure tempora autem.',1,'2004-06-13 23:09:20'),(42,42,42,'Rem qui iste veritatis modi velit vero dolorem. Qui quidem eos error voluptatum sint eos. Saepe accusamus reiciendis dolores asperiores illo error et. Consequatur earum dolorem voluptatem vitae eveniet rerum. Incidunt consequatur modi maxime aspernatur amet alias.',0,'1981-11-22 08:34:14'),(43,43,43,'Impedit qui totam similique. Voluptatum odit odit distinctio eveniet voluptatibus atque est. Corrupti recusandae et aliquid aut labore enim maiores. Sed quam repellendus sint placeat et sapiente.',1,'1988-02-26 05:06:45'),(44,44,44,'Labore vero nisi reprehenderit alias qui enim. Officia ut voluptas sint cumque. Suscipit harum perspiciatis eum.',0,'1991-08-15 21:56:44'),(45,45,45,'Officiis ea occaecati quae qui impedit. Rem ut eos sequi est est. Aperiam qui dolorem tempore.',1,'1992-08-30 02:38:44'),(46,46,46,'Qui dolores blanditiis ea maxime pariatur perspiciatis ullam et. Aperiam quae ullam tenetur repellendus. Hic commodi corrupti eveniet.',0,'2015-11-26 17:46:24'),(47,47,47,'Aut ipsam nulla doloremque et. Molestiae excepturi consequuntur hic et autem. Nemo modi cumque molestias cum quisquam eaque.',1,'2001-11-21 10:33:07'),(48,48,48,'Et ab repellendus necessitatibus qui asperiores. Cupiditate sed illo velit placeat sit necessitatibus.',0,'1978-01-17 09:24:41'),(49,49,49,'Eum earum sapiente molestias accusamus corrupti est odio. Repudiandae deserunt iure voluptatem vero ut fuga aut sint. Et itaque eaque ipsa delectus ea blanditiis consectetur. Et quae nam vitae fugit et facere. Quae dolores minus ipsum sed quo provident ut.',0,'1975-04-17 21:41:43'),(50,50,50,'Et dolorem dignissimos ut occaecati quis soluta eos. Libero atque quasi consequuntur et. Quia doloribus dolores est ex modi. Repellendus ipsa corrupti occaecati.',0,'1989-07-13 09:00:59'),(51,51,51,'Corrupti aspernatur aut amet et ut. Voluptatem adipisci et voluptatum sunt quo recusandae velit. Quisquam voluptatum ut aut quos iusto. Est laboriosam magnam necessitatibus. Ad dolore et aut non non deleniti nesciunt.',1,'2010-11-17 00:42:47'),(52,52,52,'Illum omnis non aliquam placeat temporibus. Perferendis culpa voluptatem autem repellendus sequi omnis hic.',1,'2017-06-01 12:07:28'),(53,53,53,'Autem natus impedit et. Deleniti ut magni voluptas voluptatem qui sed culpa ut. Animi consequatur sit est exercitationem ex.',1,'1976-01-08 01:52:41'),(54,54,54,'At soluta autem beatae cum aliquam aut. Quis a modi maxime eum blanditiis minus aut. At quo architecto doloremque praesentium repellendus voluptas iste.',0,'2004-05-14 10:44:29'),(55,55,55,'Voluptatibus saepe consectetur magni tempore labore saepe occaecati. Earum doloribus dolores architecto nemo quis eum soluta. Iste hic voluptatum nihil in autem explicabo quo. Ullam nesciunt nobis blanditiis veniam veniam neque nobis.',1,'2020-03-26 17:45:56'),(56,56,56,'Eum labore nihil similique et vel consequatur a voluptas. Est non sit voluptas praesentium est corporis. Eum distinctio reiciendis odio mollitia officia illum qui.',1,'1974-05-24 09:18:53'),(57,57,57,'Nam tempora veritatis aut eos dolorum tempore quod. Dolor sit nostrum itaque reiciendis velit et est maiores. Et eos dolores corporis optio similique. Reiciendis placeat nihil ea.',0,'2017-07-10 15:58:02'),(58,58,58,'Nobis nulla quisquam officia debitis beatae voluptas eligendi. Ut nesciunt qui itaque et cum.',0,'1991-02-09 07:56:22'),(59,59,59,'Laudantium nihil blanditiis quia tempore molestiae. Dolorum perspiciatis id culpa quisquam suscipit sit. Et aliquam dolor culpa animi aut nulla. Velit facere neque ipsa recusandae laudantium sapiente rerum eaque.',0,'1994-10-02 18:16:42'),(60,60,60,'Voluptatem natus est pariatur ut sit magni est. Sit harum officia voluptatibus sint.',1,'2019-11-10 18:56:48'),(61,61,61,'Vel ad repudiandae ad excepturi corporis. Aliquid nulla sed fugit a sed fugit sint.',0,'1992-10-25 14:39:20'),(62,62,62,'Quidem quia earum quia vel quia. Occaecati excepturi tempore explicabo alias nihil aliquid. Accusamus nemo quibusdam ipsam. Atque hic distinctio qui qui qui sit.',0,'1978-05-26 19:38:54'),(63,63,63,'Et molestias porro fugiat non voluptate fugiat iure omnis. Autem delectus sit cum eligendi doloribus. Enim veniam non occaecati voluptas. Quia laborum aspernatur qui. Sunt aliquid iure ut facere doloremque est.',0,'2019-01-05 08:09:54'),(64,64,64,'Nisi est sed enim aut dolores praesentium et. Ipsa facere magni beatae animi voluptate. Eum doloremque et eum neque.',0,'1994-05-29 21:20:11'),(65,65,65,'Aut illo autem quos illo esse dolores. Illum minus quibusdam ullam voluptatibus nobis perferendis. Rerum ut repellendus facilis suscipit harum eius maiores.',0,'2000-06-30 13:50:32'),(66,66,66,'Nesciunt eum iure reiciendis a quas eveniet reprehenderit iure. Voluptates commodi qui soluta et distinctio ducimus ducimus. Et temporibus perspiciatis modi incidunt. Laborum doloribus aut vitae. Deleniti aut quia quo adipisci aspernatur.',0,'2011-07-13 18:49:47'),(67,67,67,'Et cum natus qui quam. At doloribus alias nisi quo enim.',0,'1980-03-08 16:29:45'),(68,68,68,'Esse fugit quos enim sunt. Consequuntur suscipit quidem quia voluptatem delectus.',0,'2002-10-12 17:26:49'),(69,69,69,'Architecto laborum quos ut labore. Rerum recusandae eos sed est dolorem dolorem. Est et ipsum eaque minima quibusdam labore.',1,'1995-08-07 01:53:01'),(70,70,70,'Quo ipsa quia quia id dolor. Non fugiat repellendus veritatis magni eos. Natus commodi omnis minima hic voluptate magni veritatis.',1,'1999-04-10 03:38:47'),(71,71,71,'In omnis consequatur recusandae deleniti occaecati ut corrupti. Ex fuga quibusdam aut quia odit pariatur commodi. Consequatur modi illo earum similique.',1,'2003-07-04 09:55:42'),(72,72,72,'Voluptatibus quasi reiciendis asperiores nisi. Nam saepe quia odio sint facere. Cupiditate blanditiis distinctio vitae et labore ea ut.',1,'2014-04-11 15:59:42'),(73,73,73,'Beatae alias error quia aut culpa delectus. Laboriosam et et nihil labore ut. Rerum ut aut quidem nihil perspiciatis incidunt ipsam omnis. Dolores sint dicta adipisci natus.',0,'1982-10-28 10:32:49'),(74,74,74,'Labore facilis iste facilis magnam ab non. Nihil vel voluptatem voluptas illum. Soluta reprehenderit id praesentium vel. Occaecati eum ut nisi doloremque impedit odit consequatur voluptatem.',1,'1986-05-09 09:25:39'),(75,75,75,'Sed vero amet aut nihil. Culpa odio amet minus error aut ipsam nam.',0,'2019-12-15 08:48:04'),(76,76,76,'Et id accusamus in. Voluptatibus sed cumque vero dolorum. Sed cum voluptates sunt qui. Necessitatibus ipsum assumenda facere quasi nulla natus.',1,'2016-02-14 22:31:27'),(77,77,77,'Temporibus culpa dolore accusamus. Facere error nisi aut nobis non magni accusantium. Expedita in deserunt illo aut. Aut ut soluta assumenda quia amet architecto iusto voluptas.',1,'1991-05-14 11:26:46'),(78,78,78,'Possimus itaque qui odit. Quisquam explicabo dolor sed libero omnis. Et aut nesciunt accusantium ipsa. Est voluptatibus est facere vel praesentium omnis. Ex aut veniam in aut.',1,'2002-06-01 06:44:08'),(79,79,79,'Ut vero quidem ratione. Quo omnis labore facere aperiam odio eaque quia nostrum. Ea velit illo dolorem in ea ea amet.',1,'2008-04-24 08:25:02'),(80,80,80,'Qui quae veritatis dolor sit id. Consequatur quod esse consequuntur qui architecto. Nostrum quam illum dolores. Quisquam ea impedit velit assumenda et architecto maiores.',0,'2017-02-07 15:00:32'),(81,81,81,'Id est quis et officiis delectus qui. Omnis sunt aspernatur id molestiae ut quae magni. Amet rerum et commodi ullam at ut. Inventore consectetur tenetur vel totam iusto iure.',0,'2017-09-11 20:19:39'),(82,82,82,'Nihil voluptas unde est recusandae voluptatem commodi. Excepturi dolorum vel odio et vel aut. Et aliquam excepturi nostrum corporis unde.',0,'1998-12-11 19:02:17'),(83,83,83,'Molestiae aperiam aut dolorum aspernatur blanditiis. Fugit eveniet voluptas id amet placeat delectus. Repudiandae repellendus at atque delectus.',0,'2013-12-02 07:45:48'),(84,84,84,'Nobis quo voluptas sed libero ut provident non. Labore qui eveniet voluptate blanditiis tempore qui omnis. Cumque eius quam sed nobis quas non. Dolor quibusdam nihil quia voluptatibus.',1,'2000-04-06 12:25:03'),(85,85,85,'Facilis voluptatem odit reiciendis non aut ea. Cum facere recusandae aut molestiae. Illo maxime cum quia.',0,'1998-05-13 22:34:34'),(86,86,86,'Mollitia velit eaque praesentium minima asperiores natus corrupti. Dolores totam similique sed repudiandae ad illum quia natus. Dolor cupiditate reprehenderit harum qui consequatur.',0,'1994-06-18 08:33:31'),(87,87,87,'Architecto quo nihil recusandae facere eos in. Consequuntur omnis atque praesentium voluptas amet.',0,'1970-06-15 00:46:15'),(88,88,88,'Voluptatem illo aut nam sunt occaecati porro aperiam. Aliquid maxime et id nisi eum. Aut voluptate neque voluptatem et.',0,'1981-04-24 13:08:30'),(89,89,89,'Sint eaque odio aut autem debitis dolores. Fuga iure est qui dicta non sed qui veniam. Magni illo dolor quis doloremque similique.',0,'2005-07-10 23:46:57'),(90,90,90,'Dolor consequatur nam minus suscipit ut possimus at. Aut corporis et eum quia omnis aliquam. Beatae laborum dolorem aperiam voluptas illo modi eveniet. Qui voluptatum deleniti et magni labore repudiandae et.',1,'2002-04-25 10:33:56'),(91,91,91,'Qui quod ut minima. Voluptas fugit unde placeat libero ratione eius officia. Numquam animi et vel enim labore quia doloremque. Rerum et est natus labore suscipit et.',0,'2002-02-13 02:10:17'),(92,92,92,'Dignissimos autem aliquid repellat architecto magni. Ipsa ipsa exercitationem quis et odio voluptas at. Cupiditate deleniti maxime repellendus optio.',0,'1995-01-09 06:38:07'),(93,93,93,'Illum neque perferendis et et officia. Neque nihil ab accusantium architecto eligendi et et et.',1,'2003-09-18 14:39:53'),(94,94,94,'Ut voluptates inventore amet id sit. Sed dolorem cupiditate quo provident. Cupiditate numquam praesentium atque qui inventore expedita magni optio.',1,'1996-05-28 06:55:02'),(95,95,95,'Voluptatem aperiam occaecati itaque magni assumenda sit quidem explicabo. Omnis maiores et voluptatem possimus labore sit. Ipsum labore reiciendis eos dolore blanditiis. Dignissimos voluptatem provident iusto velit. Magni aut molestiae doloremque quam.',1,'1981-09-21 08:49:51'),(96,96,96,'Nemo odit autem consequatur similique id est blanditiis aperiam. Animi sed sed autem sed. Qui iure maxime qui sint expedita. Cupiditate qui a nam sint sapiente est rem ducimus.',0,'2006-06-21 16:52:07'),(97,97,97,'Eius numquam qui ea. Eveniet et aliquid ut magnam. Rerum consequuntur accusamus dolorum molestias repudiandae perspiciatis. Nemo eum architecto ratione aut beatae reiciendis repudiandae.',1,'1973-07-23 09:57:50'),(98,98,98,'Rerum qui quibusdam ea sequi dolores voluptatem expedita aut. Vitae voluptatem delectus sed in harum sapiente. Accusantium iure qui omnis ut aut. Quaerat totam quia minima nihil voluptatem labore.',1,'2017-11-25 12:37:20'),(99,99,99,'Optio enim labore voluptatem veniam neque qui. Libero perferendis aliquid tempora autem est. Similique sint harum et facere.',0,'2003-10-09 06:27:21'),(100,100,100,'Harum voluptatem quae iste consectetur et. Nihil et quia in quasi et. Sit aut accusantium molestias ad quaerat dignissimos sed qui. Et ipsa aperiam nisi iste possimus.',0,'1973-06-25 11:52:14');
/*!40000 ALTER TABLE `messages` ENABLE KEYS */;
UNLOCK TABLES;

--
-- Table structure for table `photo`
--

DROP TABLE IF EXISTS `photo`;
/*!40101 SET @saved_cs_client     = @@character_set_client */;
/*!50503 SET character_set_client = utf8mb4 */;
CREATE TABLE `photo` (
  `id` bigint unsigned NOT NULL AUTO_INCREMENT,
  `file` varchar(255) DEFAULT NULL,
  `user_id` bigint unsigned NOT NULL,
  `description` text,
  `created_at` datetime DEFAULT CURRENT_TIMESTAMP,
  `updated_at` datetime DEFAULT CURRENT_TIMESTAMP ON UPDATE CURRENT_TIMESTAMP,
  PRIMARY KEY (`id`),
  UNIQUE KEY `id` (`id`),
  KEY `user_id` (`user_id`),
  CONSTRAINT `photo_ibfk_1` FOREIGN KEY (`user_id`) REFERENCES `users` (`id`)
) ENGINE=InnoDB AUTO_INCREMENT=101 DEFAULT CHARSET=utf8mb4 COLLATE=utf8mb4_0900_ai_ci;
/*!40101 SET character_set_client = @saved_cs_client */;

--
-- Dumping data for table `photo`
--

LOCK TABLES `photo` WRITE;
/*!40000 ALTER TABLE `photo` DISABLE KEYS */;
INSERT INTO `photo` VALUES (1,NULL,1,'Culpa sit sed nisi id fuga. Autem voluptatem amet culpa qui praesentium omnis et. Debitis itaque dolorem repudiandae sint eos non.','1994-04-25 21:14:46','1982-12-22 02:47:35'),(2,NULL,2,'Non facilis consequatur ipsum aut. Eum vero et qui accusantium eum dolorem magni. Eveniet temporibus molestias nihil eveniet aut maxime occaecati. Consequatur autem aliquam aperiam earum.','1996-12-11 09:30:17','1976-04-08 23:31:00'),(3,NULL,3,'Distinctio nihil nisi aut veritatis ab neque. Consequatur voluptatem est est dolores placeat maiores laborum ullam. Quam velit at omnis voluptas quae. Enim corporis animi quae impedit. Perspiciatis sunt fugit cum et.','1990-05-01 00:50:56','1993-10-09 10:17:25'),(4,NULL,4,'Mollitia eveniet eveniet provident in. Ab quisquam consequuntur eaque ratione dolorem excepturi. Est quo sit necessitatibus eos aut. Numquam culpa quibusdam totam ad et.','1980-10-02 04:51:06','1979-12-03 18:22:00'),(5,NULL,5,'Corporis perspiciatis non magni maxime est. Quia molestias blanditiis harum officiis laborum. Molestiae id sed quis accusamus.','1983-10-18 17:50:25','1989-12-14 07:16:50'),(6,NULL,6,'Animi est odit beatae rerum. Soluta repudiandae totam ea. Consequatur sint voluptates voluptatibus ab voluptas quisquam. Excepturi quas ducimus quas nobis.','1970-12-23 22:15:00','1971-05-20 20:44:36'),(7,NULL,7,'Qui at voluptas magni nostrum quia. Maxime vel et totam est sit eveniet vero. Et sequi soluta sint quis. Fugit est dolorem quia earum sunt. Nihil quia maxime aspernatur ipsum.','1998-03-20 06:16:53','2019-11-12 23:10:11'),(8,NULL,8,'Omnis id quis sint possimus consequatur possimus illo placeat. Ut est dolor ut ducimus commodi. Ducimus odio adipisci ut repellat. Aperiam perferendis beatae eos repudiandae doloremque perferendis.','1973-03-15 12:56:50','1989-03-24 10:18:12'),(9,NULL,9,'Eos eaque maiores est. Molestias et quidem adipisci rerum. Sed necessitatibus qui voluptatem molestiae veritatis possimus. Aut quis sint non quia nulla numquam nisi omnis.','1999-08-15 12:48:03','1989-06-06 16:53:44'),(10,NULL,10,'Optio dolores aut molestiae error incidunt et. Aut accusamus quis soluta exercitationem. Dolorem dolor rerum quisquam tenetur qui deserunt. Nemo voluptatibus illo in quibusdam incidunt quis iusto.','1980-07-08 03:34:26','2007-11-01 12:39:29'),(11,NULL,11,'Numquam est tempore hic. Aut distinctio nisi sed dolorem nam earum. Qui consequatur architecto praesentium error rerum sint id id.','2016-10-21 08:00:54','1990-10-11 07:29:02'),(12,NULL,12,'Cupiditate maiores exercitationem vero error voluptatem ipsa. Harum ea aut autem consequuntur eaque. Voluptatem sunt nesciunt quam alias dignissimos natus.','1998-05-09 18:33:43','1991-12-03 11:15:31'),(13,NULL,13,'Dolorum autem enim ut enim aut earum. Voluptate neque incidunt repudiandae eveniet fuga. Impedit aut ut in autem velit laborum consequuntur.','2011-06-24 22:56:33','2013-02-14 21:32:28'),(14,NULL,14,'Ipsum vitae reiciendis tempore autem. Pariatur voluptas illo eum soluta qui minus. Dicta qui quis sint in et voluptate nihil incidunt. Voluptate sed consequatur nihil nesciunt.','2020-07-14 09:26:04','2000-07-01 09:12:33'),(15,NULL,15,'Atque enim quasi et consequatur est est. Error necessitatibus cum eum itaque. Eius nemo fugit dolorem tempora eius maxime quae et. Delectus culpa nobis odit qui voluptate. Ut optio dicta occaecati hic veritatis.','1988-02-26 02:10:36','1973-08-08 04:19:02'),(16,NULL,16,'Quaerat pariatur placeat natus ducimus. Ducimus dolores qui a pariatur.','1989-09-04 00:21:25','2020-01-07 22:51:34'),(17,NULL,17,'Illum et facere est iure rerum consequatur animi magni. Aut rerum debitis id minima cumque. Vel quis aut voluptatem distinctio consectetur architecto excepturi. Omnis qui repudiandae ipsa voluptatem.','1981-06-27 13:39:19','2000-09-27 11:38:30'),(18,NULL,18,'Inventore odio soluta autem itaque. Incidunt et aut ab officiis. Earum blanditiis sit et id. Et et ea itaque inventore sed.','1986-07-13 18:25:09','1974-07-22 06:40:22'),(19,NULL,19,'Numquam consequatur perferendis commodi eligendi ut dolores optio. Aut ipsa nihil quas et quos pariatur. Voluptatem aliquam neque quia quidem aliquid.','2009-12-20 00:40:00','2009-12-29 12:59:06'),(20,NULL,20,'Ratione ab magni dolores. Unde voluptas vel quo fugiat et maiores. Eaque repudiandae non et quam hic.','1991-11-14 21:26:48','1979-06-15 13:20:34'),(21,NULL,21,'Reiciendis distinctio ut perferendis consequuntur distinctio. Quia reprehenderit minus repellat aspernatur deleniti expedita praesentium eaque. Quia consequatur eum sit accusamus ratione qui non. Vero ad officiis ducimus est. Facere autem ipsum omnis optio.','2014-03-21 13:31:48','2006-08-05 12:04:28'),(22,NULL,22,'Neque ab molestiae harum dolore qui eum ea quia. Non sequi modi dolor cupiditate.','2017-12-02 03:39:57','2005-03-26 11:23:05'),(23,NULL,23,'Ut aut molestiae reprehenderit earum. Quis optio molestiae aut qui accusantium aut tenetur. Itaque dolore amet tenetur nisi similique cupiditate dolor.','1997-07-06 22:03:25','1971-06-24 16:30:57'),(24,NULL,24,'Omnis illum qui quidem aut dolorem explicabo. Ut praesentium placeat sunt dolorum veritatis hic.','2018-06-01 17:56:41','2013-11-18 08:40:27'),(25,NULL,25,'Eius eum exercitationem officiis aut et accusamus ut repellat. Ducimus cumque iste cumque sint veniam odio. Dolorem eum blanditiis cum laborum.','1992-11-27 19:20:05','2008-09-24 01:14:45'),(26,NULL,26,'Optio aut quae cupiditate quis quia. Eos sint repudiandae possimus repellat aut et. Perferendis nihil sint fuga voluptatem vel ad qui aut. Nihil pariatur amet facere ut est quia eos.','1976-12-26 11:25:36','1987-03-05 01:13:43'),(27,NULL,27,'Voluptatibus facere eos esse nihil accusantium reiciendis fugiat rerum. Alias omnis occaecati dolorum blanditiis recusandae. A dolor molestias id nihil.','1996-07-06 08:00:05','1971-01-08 01:46:42'),(28,NULL,28,'Impedit error illo ea qui dolor. Quidem quis perspiciatis occaecati autem est sint nihil. Vel expedita praesentium aut id aut consequuntur odio. Nihil molestiae distinctio nam et reiciendis aperiam. Ad fugiat debitis iure ut.','2007-10-25 18:59:45','2015-03-24 01:05:58'),(29,NULL,29,'Est hic et vel fugit. Maiores quasi rerum dolorem nostrum. Qui labore cum sit. Dicta aperiam sit sit tempore.','1979-12-31 15:37:26','2005-07-14 21:43:54'),(30,NULL,30,'Aut cum dolorem atque quia quibusdam voluptatibus. Sed odit dolorem corrupti aut repudiandae est. Similique beatae qui quos.','1983-03-01 23:12:28','2014-02-09 05:24:45'),(31,NULL,31,'Est iusto id eligendi itaque id enim eos. Quaerat vel repellat culpa debitis. Numquam rerum sit ea dolores enim repellat et.','1978-12-01 10:50:56','2009-07-27 15:59:37'),(32,NULL,32,'Ut nulla vel ea ipsum exercitationem facilis autem. A temporibus quae ut eveniet sed facilis. Perferendis et aliquid consequatur ut. Animi fuga autem consequatur repudiandae molestiae suscipit eveniet. Sunt est harum nulla et.','2014-07-13 03:02:27','1997-10-15 02:32:50'),(33,NULL,33,'In numquam voluptatem sed minima magnam reprehenderit. Maiores officiis id sit eos unde ut voluptatem. Neque quo autem cupiditate quo. Illum sed ad repudiandae officia.','2010-10-19 06:00:38','2005-10-30 05:33:26'),(34,NULL,34,'Sed repudiandae provident tempore possimus nemo modi. Qui deserunt enim voluptatem nostrum. Eos commodi nihil quia ducimus.','2003-03-20 20:26:37','1991-02-27 22:25:17'),(35,NULL,35,'Maiores quis sapiente perferendis inventore aperiam excepturi. Vel hic cumque ut voluptas nobis libero.','2014-03-24 01:28:48','1973-11-14 06:58:49'),(36,NULL,36,'Est aliquam omnis dolorem ut qui consequatur quibusdam error. Repudiandae animi consequuntur dolores non praesentium et non. Velit aut sequi recusandae dolores in aut blanditiis.','2009-05-16 01:08:12','1970-04-13 21:27:25'),(37,NULL,37,'Ut dolores dignissimos tempore qui et. Quae ratione magni officiis sit. Ad tempora nihil qui perspiciatis repellat placeat unde.','1987-05-11 05:35:56','1995-06-25 23:40:49'),(38,NULL,38,'Modi enim pariatur qui rem. Aut eum quasi et ipsum exercitationem et qui suscipit. Doloribus ut odio nulla ab vitae.','1985-01-25 19:55:42','1975-10-06 07:02:39'),(39,NULL,39,'Est commodi reiciendis modi velit minus aliquam unde. Saepe rerum aliquid facere iste. Perspiciatis ut non dolore qui. Dignissimos sunt porro qui aperiam qui.','1976-03-09 18:42:54','2003-09-10 13:36:38'),(40,NULL,40,'Beatae necessitatibus et aliquam tempora sint quas. Possimus aliquid inventore deserunt ut. Dolor mollitia fuga harum consequatur laborum quod repudiandae. Cumque dolorem sint mollitia nostrum omnis.','1998-10-23 15:50:49','1977-02-04 04:29:49'),(41,NULL,41,'Et temporibus sunt aut quas impedit debitis nam. Ipsum numquam soluta vitae quidem ut ad excepturi.','1978-05-05 23:42:57','2006-04-30 09:22:15'),(42,NULL,42,'Corporis officiis reprehenderit minus ad ipsam. Consequatur est vero eos eligendi fugiat et. Beatae ut ipsa delectus animi tempora dolore.','1971-01-12 17:39:30','2016-07-03 18:52:36'),(43,NULL,43,'Molestias expedita eius officia dolorem iusto. Molestiae dolorem voluptatum ut in explicabo recusandae voluptatum. Iste repudiandae qui pariatur dolor.','1996-11-21 00:59:51','1997-07-26 10:02:46'),(44,NULL,44,'Minus minus reiciendis mollitia nihil sequi est blanditiis. Possimus rerum sed quod cumque. Nisi maiores architecto vero facere corrupti nostrum. Delectus laboriosam omnis magni et corrupti.','2015-09-24 05:05:00','1987-06-23 08:46:36'),(45,NULL,45,'Consectetur corrupti vel qui sed dolorem culpa neque ab. Voluptas eaque magnam delectus nostrum veritatis occaecati. Et eum aliquid non porro.','1999-11-25 22:38:57','1994-12-15 09:44:24'),(46,NULL,46,'Aliquid necessitatibus reprehenderit ab. Perferendis quas nostrum itaque id ipsa vel sit. Amet quidem aut sit omnis rem.','1987-10-20 03:18:13','1999-08-05 13:46:39'),(47,NULL,47,'Aut optio officia et dignissimos sequi ea et voluptatem. Hic odio et voluptatem at quisquam enim quis. Quos alias tempora enim recusandae ratione quam. Voluptatem debitis tempore sed expedita velit nesciunt est.','1992-04-26 17:09:32','1976-07-22 07:18:52'),(48,NULL,48,'Porro eaque libero ipsam est quia quo. Unde nam doloribus odit dolor nulla. Corporis eaque itaque amet.','1999-09-06 17:21:57','1992-03-21 07:08:48'),(49,NULL,49,'Suscipit vero cupiditate ipsa perspiciatis. Voluptatum reprehenderit est neque et beatae dicta.','2013-08-05 05:17:52','1989-10-18 16:57:24'),(50,NULL,50,'Nesciunt omnis consequatur placeat unde quas eos cumque. Et culpa iste nihil est. Magnam eligendi quia ea sed cum ratione. Possimus et quaerat modi saepe laudantium et nihil omnis.','1976-02-18 08:46:03','1991-01-15 08:16:58'),(51,NULL,51,'Omnis earum molestiae ea voluptatibus velit. Eaque praesentium est nihil velit molestiae. Fugit dignissimos expedita fugit reiciendis exercitationem non illum.','2001-04-17 22:49:40','2004-07-30 05:43:36'),(52,NULL,52,'Quod blanditiis similique sit eaque. Animi omnis nihil voluptatum voluptatum.','1978-04-08 10:59:58','2016-09-10 06:41:45'),(53,NULL,53,'Sit sed reprehenderit laboriosam reiciendis inventore molestiae. Totam minus mollitia dolores omnis vero. Quod unde molestias ut laborum impedit. Consectetur eveniet nostrum qui adipisci nemo.','1978-01-14 03:07:08','2016-02-27 07:12:06'),(54,NULL,54,'Qui quis nisi labore aut deserunt fugiat voluptate quia. Quae adipisci cum praesentium in exercitationem. Nam est ut est quia labore ut. Explicabo assumenda temporibus autem voluptas a labore.','1975-10-20 04:11:53','2016-03-27 01:36:25'),(55,NULL,55,'Dolor id eligendi qui autem accusantium sequi occaecati dolores. Magni iure minus molestiae animi. Porro ut quo a ratione temporibus vero.','1980-09-11 06:12:43','1978-04-28 04:07:59'),(56,NULL,56,'Molestiae vero corporis unde fuga maiores deserunt. Mollitia veniam consequatur dolorem perferendis rerum consectetur at. Perferendis illo omnis laboriosam molestias ipsum dolor. Numquam voluptas tenetur ullam corrupti quod.','2013-10-01 08:05:04','2012-04-26 01:42:24'),(57,NULL,57,'Similique consequatur non molestiae dolorem voluptatem nihil amet enim. Saepe iure aperiam debitis quos ut itaque est.','2005-01-16 02:56:24','2002-10-05 14:05:55'),(58,NULL,58,'Neque eligendi laborum consequatur qui consequatur. Totam fuga at veritatis dolorem est exercitationem est molestias. Accusamus praesentium qui dolores.','1982-05-29 08:57:00','2007-12-18 17:49:05'),(59,NULL,59,'Quod et saepe ea perspiciatis velit animi quis perspiciatis. Doloribus officia eveniet doloribus velit in sint iusto. Dolore dicta autem tempore corrupti commodi. Consequatur ea et ut quae eveniet vitae autem.','1970-07-15 05:54:45','1996-03-24 19:21:09'),(60,NULL,60,'Voluptas voluptate delectus enim ea animi error. Laboriosam occaecati eos molestiae eum error molestiae. Voluptatem error officia earum qui doloribus cum labore qui. Quisquam illo voluptas est qui animi. Reprehenderit ipsam officia ea.','2015-12-07 22:47:23','1990-09-10 02:19:14'),(61,NULL,61,'Eos rerum quibusdam qui nihil molestias vel. Et sunt aliquid sed qui iusto.','2011-06-05 10:24:29','1986-12-24 14:15:22'),(62,NULL,62,'Vitae vero a voluptas vel asperiores dolor adipisci. Ex sit et libero sit quam officiis numquam. Voluptas voluptatibus aut voluptate ut aut. Aspernatur dolore aut omnis omnis tempore rerum. Nobis qui officiis fuga exercitationem.','2010-11-11 03:39:34','2007-08-24 11:06:51'),(63,NULL,63,'Facilis adipisci dolorum officiis ratione et consequatur. Aspernatur quia eligendi expedita occaecati perferendis. Voluptatem facilis asperiores inventore ullam.','2016-10-09 16:40:37','2005-08-12 06:06:12'),(64,NULL,64,'Vitae itaque quia omnis similique magnam. Nobis ratione similique et alias nemo. Et quod et officiis laborum voluptatem adipisci.','2009-07-08 01:44:06','1979-11-05 12:18:08'),(65,NULL,65,'Vitae fugit aliquid consequatur a est. Quos voluptatem voluptate quaerat omnis totam quo quas. Consequatur perferendis laborum explicabo dolore voluptatem autem. Quia aut temporibus perferendis ipsam quis saepe sint.','1972-06-07 17:36:43','2020-05-18 03:57:35'),(66,NULL,66,'Iusto aut soluta amet dignissimos voluptatum possimus nam. Veniam enim qui dolore omnis et. Sapiente sint modi omnis magni illo et qui. Enim et aut et modi nihil et.','2012-09-04 20:28:03','2005-06-12 14:11:15'),(67,NULL,67,'Reiciendis vel aut dignissimos deleniti. Possimus libero sequi tempora et. Omnis optio velit tempore aliquam aut illo deserunt. Enim incidunt repudiandae ut et odit aspernatur nulla.','2007-01-27 13:29:23','1997-11-22 18:16:58'),(68,NULL,68,'Sunt molestias vero dolores voluptatem qui. Dolorem rerum quis officiis quaerat praesentium dolorem. Sit ducimus illum omnis commodi reprehenderit reiciendis enim.','2014-07-11 02:36:17','1990-01-05 23:29:59'),(69,NULL,69,'Eos molestiae aut occaecati eaque beatae omnis aperiam. Illum esse eum dolorem quo totam magnam. Quaerat est porro voluptatem temporibus pariatur et voluptas.','1981-05-08 06:58:40','1992-11-13 09:12:40'),(70,NULL,70,'Quaerat sequi aut doloremque distinctio eos. Impedit vel ipsum et officiis non ut. Natus error omnis ut aut adipisci qui voluptas.','2004-03-15 18:15:40','2001-07-18 06:44:43'),(71,NULL,71,'Dolorum aut tempora quis nulla ut quo. Sint unde reprehenderit iste ea illum. Ut ullam ut hic quam sed beatae.','2000-06-18 05:51:24','1974-12-06 13:42:46'),(72,NULL,72,'Quia qui odio sequi dolor exercitationem eos nihil. Temporibus consequatur autem blanditiis quis eveniet. Consequuntur architecto ducimus magni magnam voluptates et. Suscipit illo et nostrum dolor corrupti.','1974-11-02 20:05:18','2000-11-15 13:57:49'),(73,NULL,73,'Laudantium aut quia harum sapiente nostrum facere. Eos sed quis voluptate eaque exercitationem voluptatem enim sunt. Sapiente tempora laudantium ex et quia. Consequatur amet velit quasi.','2014-04-29 18:16:32','2006-04-29 19:57:12'),(74,NULL,74,'Aut et placeat iste error consequuntur velit. Totam necessitatibus voluptates ipsam aspernatur commodi eaque et. Quisquam est repellendus ut rerum quibusdam voluptates.','2008-03-22 12:05:39','1987-03-28 19:53:22'),(75,NULL,75,'Rerum consequatur quia eveniet consequuntur recusandae voluptates. Culpa doloribus beatae ducimus dolore. Totam tempore eveniet perspiciatis vero veritatis et atque. Suscipit laboriosam pariatur iusto in quod.','1998-04-06 05:31:37','1999-04-22 13:46:08'),(76,NULL,76,'Laudantium ipsa id beatae aut est aperiam quis. Alias ut ut ad dolor et voluptatem velit. Nisi perspiciatis est maiores dolores excepturi.','1984-03-09 10:46:48','2017-01-09 22:02:59'),(77,NULL,77,'Asperiores quia est corrupti excepturi voluptatibus. Aliquam quia dolores nisi distinctio quis. Nemo similique debitis assumenda magnam repellat nam dolores.','1985-06-07 06:52:34','2002-10-21 06:18:28'),(78,NULL,78,'Iure voluptatibus quia itaque. Animi optio tenetur at et asperiores fugiat. Quaerat placeat adipisci porro unde dolor cumque iste et.','1997-09-13 13:49:35','1991-06-05 07:26:04'),(79,NULL,79,'Magnam voluptatum maiores non ducimus ut. Quia provident voluptatem facilis cum praesentium. Mollitia quaerat et et nisi ipsum labore velit. Molestiae incidunt inventore dolor at error.','1980-08-09 05:26:30','1975-06-08 17:40:56'),(80,NULL,80,'Fuga accusamus molestias eveniet vel non est voluptatem. Iure error aperiam dignissimos quasi culpa repellat eos minima. Velit doloremque repellendus aut sunt.','2002-04-02 05:26:30','1982-01-22 19:17:31'),(81,NULL,81,'Non unde quia nulla error natus eum. Optio veniam est sunt quisquam incidunt iusto molestias. Quia ea veniam unde et. Optio quidem et quia et qui eos est.','1997-08-27 07:57:22','2007-08-16 03:46:09'),(82,NULL,82,'Libero sint ut velit mollitia doloremque maiores. Aut voluptatem ipsum necessitatibus consectetur. Dolores animi fugit et velit maiores velit. Et eius quos ex quo in.','2009-08-21 03:41:23','1971-11-10 22:07:48'),(83,NULL,83,'Dignissimos distinctio accusamus rerum. Dolores quaerat velit non odio aliquid dicta dolorem. Et et nam excepturi et vero placeat.','1979-11-03 15:38:47','1996-07-11 19:48:33'),(84,NULL,84,'Earum nam earum quibusdam unde repudiandae eligendi. Laudantium ut est cum autem ut dolorum vel. Et mollitia officiis rerum quia. Nihil iste beatae quisquam beatae doloribus adipisci aut. Voluptas dolore reprehenderit reiciendis consequuntur voluptas eius delectus.','1988-08-19 21:40:20','1980-08-14 20:37:40'),(85,NULL,85,'Voluptatem asperiores incidunt minus asperiores. Et eum nulla illo non. Corrupti rerum pariatur nobis odit alias eaque.','1993-10-06 02:21:15','2015-01-28 03:51:03'),(86,NULL,86,'Tempora explicabo qui exercitationem. A voluptas similique doloremque. Et a dolorem inventore nobis eligendi. Sit quia similique et quasi facere neque.','2000-03-03 01:55:08','2010-06-29 03:18:49'),(87,NULL,87,'Sint qui saepe enim mollitia quia cumque quae. Minus officiis adipisci veritatis recusandae rem.','2003-01-04 14:23:04','1980-11-07 09:56:00'),(88,NULL,88,'Sunt labore rerum est ad. Et doloribus quas fugit tempore non minus. Quis ducimus dignissimos dolorem et id. Praesentium officiis itaque aut maxime.','2011-11-25 07:30:39','2008-04-03 19:59:19'),(89,NULL,89,'Suscipit aut tempore repellendus velit deleniti. Incidunt assumenda esse eos suscipit. Fugit delectus porro veritatis ea saepe aut.','2011-09-14 10:14:11','1983-06-12 07:39:06'),(90,NULL,90,'Iure autem non ut consequatur vel aut cupiditate. Sint nemo ipsum voluptatem perferendis laborum. Praesentium rerum in totam laborum. Odio ut pariatur eius.','2018-11-03 13:36:33','1976-10-31 11:11:42'),(91,NULL,91,'Quam nemo dolorem sit iste doloremque aut sed aspernatur. Ex sint neque eum qui quo et. Officiis modi odit ut doloremque.','2018-08-04 15:21:21','1995-10-18 02:14:18'),(92,NULL,92,'Impedit consequatur distinctio blanditiis quis sint et voluptate. Soluta quod et odit. Aut officia voluptas rerum vero quae fugiat. Velit natus ad tempore.','1973-10-07 02:01:44','2018-06-24 00:41:29'),(93,NULL,93,'Dolorem vero numquam aspernatur omnis magnam ut non. Dolorem animi repudiandae quam excepturi omnis tempora vel. Nisi nesciunt consectetur maiores qui. Dolorum deleniti dolorum et iure et.','1992-01-29 15:26:12','2006-08-10 07:23:32'),(94,NULL,94,'Qui porro omnis rerum id qui earum saepe. Illo corporis porro corrupti natus vitae ullam. Ex modi rem ab ut dolorum natus.','2019-08-08 20:50:58','1991-09-12 11:49:31'),(95,NULL,95,'Et cupiditate tempore placeat placeat. Sint nisi voluptatum assumenda id earum praesentium. Quis eaque autem aliquid vel. Molestiae reiciendis ipsa soluta corporis.','2008-12-25 04:09:25','1976-02-23 11:50:08'),(96,NULL,96,'Eligendi vel aut qui inventore neque fugit. Culpa pariatur maiores dolorem iusto qui aut qui eaque. Sed molestiae ut doloremque totam et.','2010-09-16 18:32:58','2006-04-05 15:17:01'),(97,NULL,97,'Cum quia cumque et fugit. Consequatur incidunt voluptatum necessitatibus. In cum et quaerat asperiores quia.','1991-07-25 20:04:19','1983-02-13 18:21:28'),(98,NULL,98,'Temporibus perspiciatis voluptatibus error. Debitis praesentium voluptatem adipisci eveniet quod voluptatem. Et nihil temporibus quia quos.','1978-12-31 07:40:09','2005-05-27 12:24:12'),(99,NULL,99,'Enim laboriosam voluptatem laborum enim et sunt impedit. Et blanditiis tempore doloribus dolores dignissimos ut.','2020-05-09 10:26:09','1991-07-29 05:10:18'),(100,NULL,100,'Est doloremque voluptatem et aut dicta dolorem. Placeat dolores quod et suscipit. Neque asperiores possimus dolorem sit ullam cumque.','1994-10-26 09:30:13','1990-10-06 22:34:19');
/*!40000 ALTER TABLE `photo` ENABLE KEYS */;
UNLOCK TABLES;

--
-- Table structure for table `photo_likes`
--

DROP TABLE IF EXISTS `photo_likes`;
/*!40101 SET @saved_cs_client     = @@character_set_client */;
/*!50503 SET character_set_client = utf8mb4 */;
CREATE TABLE `photo_likes` (
  `id` bigint unsigned NOT NULL AUTO_INCREMENT,
  `photo_id` bigint unsigned NOT NULL,
  `photo_likes_status` enum('like','dislike','wow','lachrymation') DEFAULT 'like',
  `user_id` bigint unsigned NOT NULL,
  `liked_at` datetime DEFAULT CURRENT_TIMESTAMP,
  PRIMARY KEY (`id`),
  UNIQUE KEY `id` (`id`),
  KEY `user_id` (`user_id`),
  KEY `photo_id` (`photo_id`),
  CONSTRAINT `photo_likes_ibfk_1` FOREIGN KEY (`user_id`) REFERENCES `users` (`id`),
  CONSTRAINT `photo_likes_ibfk_2` FOREIGN KEY (`photo_id`) REFERENCES `photo` (`id`)
) ENGINE=InnoDB AUTO_INCREMENT=101 DEFAULT CHARSET=utf8mb4 COLLATE=utf8mb4_0900_ai_ci;
/*!40101 SET character_set_client = @saved_cs_client */;

--
-- Dumping data for table `photo_likes`
--

LOCK TABLES `photo_likes` WRITE;
/*!40000 ALTER TABLE `photo_likes` DISABLE KEYS */;
INSERT INTO `photo_likes` VALUES (1,1,'like',1,'1993-08-17 08:13:01'),(2,2,'like',2,'1974-01-08 18:02:57'),(3,3,'wow',3,'2001-09-23 17:11:52'),(4,4,'dislike',4,'1989-01-05 15:53:06'),(5,5,'dislike',5,'1986-08-18 02:45:50'),(6,6,'wow',6,'2004-03-22 02:27:32'),(7,7,'lachrymation',7,'1989-10-27 08:58:08'),(8,8,'like',8,'2007-08-06 16:21:46'),(9,9,'lachrymation',9,'2004-05-14 13:03:48'),(10,10,'dislike',10,'1978-10-25 13:57:41'),(11,11,'like',11,'2007-03-04 08:18:44'),(12,12,'like',12,'1993-11-01 07:51:35'),(13,13,'like',13,'1988-09-02 08:29:45'),(14,14,'like',14,'2018-01-03 01:54:27'),(15,15,'like',15,'1973-08-29 01:15:29'),(16,16,'like',16,'2015-10-09 10:51:42'),(17,17,'dislike',17,'2014-08-14 08:11:37'),(18,18,'dislike',18,'1972-07-20 15:43:20'),(19,19,'like',19,'1988-10-23 04:33:11'),(20,20,'lachrymation',20,'1986-04-03 17:15:02'),(21,21,'like',21,'2011-04-05 20:57:09'),(22,22,'wow',22,'1996-05-31 09:35:10'),(23,23,'dislike',23,'1978-07-16 16:20:25'),(24,24,'lachrymation',24,'1997-11-08 09:29:16'),(25,25,'like',25,'1988-03-16 08:14:49'),(26,26,'like',26,'1976-11-19 09:33:35'),(27,27,'lachrymation',27,'2007-05-08 03:02:09'),(28,28,'dislike',28,'1992-06-15 22:53:18'),(29,29,'dislike',29,'2016-05-25 19:47:22'),(30,30,'dislike',30,'1980-06-14 07:12:14'),(31,31,'wow',31,'1981-07-17 18:52:55'),(32,32,'like',32,'2013-01-06 08:53:09'),(33,33,'like',33,'2016-05-06 18:22:02'),(34,34,'wow',34,'2017-08-16 12:07:09'),(35,35,'dislike',35,'2001-04-26 15:29:15'),(36,36,'wow',36,'2014-07-06 10:19:18'),(37,37,'lachrymation',37,'2020-02-10 08:34:12'),(38,38,'like',38,'1988-06-07 20:58:52'),(39,39,'lachrymation',39,'2003-09-28 11:35:55'),(40,40,'dislike',40,'2017-03-28 23:28:07'),(41,41,'like',41,'1990-04-13 04:37:45'),(42,42,'wow',42,'2017-04-14 02:11:30'),(43,43,'dislike',43,'1996-01-23 16:38:59'),(44,44,'dislike',44,'2006-04-07 07:03:40'),(45,45,'like',45,'1991-10-07 16:21:33'),(46,46,'like',46,'1992-01-27 07:30:04'),(47,47,'like',47,'2016-10-16 08:04:19'),(48,48,'lachrymation',48,'1980-03-19 16:58:19'),(49,49,'wow',49,'1999-12-19 19:10:19'),(50,50,'dislike',50,'2004-11-13 19:14:24'),(51,51,'like',51,'2007-06-02 09:23:05'),(52,52,'wow',52,'1993-05-29 20:55:34'),(53,53,'dislike',53,'2002-09-30 08:33:20'),(54,54,'lachrymation',54,'1992-01-17 02:48:05'),(55,55,'dislike',55,'1978-03-07 06:59:01'),(56,56,'like',56,'1977-11-16 23:41:01'),(57,57,'like',57,'2001-02-27 09:11:16'),(58,58,'dislike',58,'1978-08-20 22:08:54'),(59,59,'like',59,'2016-12-05 01:37:15'),(60,60,'lachrymation',60,'1971-05-27 09:02:16'),(61,61,'dislike',61,'2013-09-30 08:32:20'),(62,62,'lachrymation',62,'2007-04-27 18:52:20'),(63,63,'lachrymation',63,'1988-06-08 06:12:23'),(64,64,'like',64,'2004-02-12 03:59:05'),(65,65,'lachrymation',65,'1971-01-11 15:53:35'),(66,66,'dislike',66,'2000-12-08 00:26:23'),(67,67,'dislike',67,'2009-07-24 18:56:49'),(68,68,'wow',68,'1990-09-20 09:43:36'),(69,69,'wow',69,'2005-08-08 19:09:11'),(70,70,'dislike',70,'2013-07-19 17:30:30'),(71,71,'like',71,'2007-08-13 16:29:25'),(72,72,'like',72,'1987-02-11 20:51:10'),(73,73,'like',73,'2000-10-20 12:52:37'),(74,74,'wow',74,'1993-07-13 01:43:18'),(75,75,'like',75,'1976-12-24 05:42:36'),(76,76,'lachrymation',76,'2012-06-06 05:50:02'),(77,77,'like',77,'2009-10-08 01:52:57'),(78,78,'lachrymation',78,'2002-08-26 07:32:10'),(79,79,'lachrymation',79,'2012-07-09 16:22:52'),(80,80,'like',80,'2015-05-23 06:50:44'),(81,81,'dislike',81,'2001-03-07 08:43:16'),(82,82,'like',82,'2005-04-15 12:35:58'),(83,83,'dislike',83,'2012-07-19 05:20:39'),(84,84,'dislike',84,'2004-11-01 22:41:00'),(85,85,'dislike',85,'2002-06-13 01:46:25'),(86,86,'dislike',86,'1970-08-02 12:31:21'),(87,87,'lachrymation',87,'1986-05-28 21:14:45'),(88,88,'wow',88,'2013-12-29 15:23:49'),(89,89,'like',89,'1975-12-02 20:54:02'),(90,90,'like',90,'1974-08-28 03:33:14'),(91,91,'dislike',91,'1988-02-05 16:30:45'),(92,92,'dislike',92,'1986-11-14 09:43:29'),(93,93,'dislike',93,'1990-02-07 11:23:51'),(94,94,'dislike',94,'1991-01-22 20:27:12'),(95,95,'lachrymation',95,'2011-11-04 09:50:29'),(96,96,'dislike',96,'1987-05-05 02:52:41'),(97,97,'wow',97,'1973-07-25 14:19:22'),(98,98,'wow',98,'2006-06-10 06:34:39'),(99,99,'like',99,'1996-10-27 10:26:40'),(100,100,'wow',100,'1974-09-09 15:49:57');
/*!40000 ALTER TABLE `photo_likes` ENABLE KEYS */;
UNLOCK TABLES;

--
-- Table structure for table `post_likes`
--

DROP TABLE IF EXISTS `post_likes`;
/*!40101 SET @saved_cs_client     = @@character_set_client */;
/*!50503 SET character_set_client = utf8mb4 */;
CREATE TABLE `post_likes` (
  `id` bigint unsigned NOT NULL AUTO_INCREMENT,
  `post_id` bigint unsigned NOT NULL,
  `post_likes_status` enum('like','dislike','wow','lachrymation') DEFAULT 'like',
  `user_id` bigint unsigned NOT NULL,
  `liked_at` datetime DEFAULT CURRENT_TIMESTAMP,
  PRIMARY KEY (`id`),
  UNIQUE KEY `id` (`id`),
  KEY `user_id` (`user_id`),
  KEY `post_id` (`post_id`),
  CONSTRAINT `post_likes_ibfk_1` FOREIGN KEY (`user_id`) REFERENCES `users` (`id`),
  CONSTRAINT `post_likes_ibfk_2` FOREIGN KEY (`post_id`) REFERENCES `posts` (`id`)
) ENGINE=InnoDB AUTO_INCREMENT=101 DEFAULT CHARSET=utf8mb4 COLLATE=utf8mb4_0900_ai_ci;
/*!40101 SET character_set_client = @saved_cs_client */;

--
-- Dumping data for table `post_likes`
--

LOCK TABLES `post_likes` WRITE;
/*!40000 ALTER TABLE `post_likes` DISABLE KEYS */;
INSERT INTO `post_likes` VALUES (1,1,'dislike',1,'1995-06-13 06:54:00'),(2,2,'dislike',2,'2010-01-03 00:01:51'),(3,3,'like',3,'1970-12-21 18:38:03'),(4,4,'wow',4,'2016-12-11 11:05:11'),(5,5,'dislike',5,'1993-07-07 17:22:36'),(6,6,'like',6,'2011-10-10 06:10:39'),(7,7,'wow',7,'1994-01-03 22:52:33'),(8,8,'like',8,'1997-05-26 13:54:21'),(9,9,'dislike',9,'2018-03-27 05:02:43'),(10,10,'wow',10,'1977-01-06 14:36:42'),(11,11,'lachrymation',11,'2014-06-15 12:25:32'),(12,12,'like',12,'2006-05-20 15:32:07'),(13,13,'wow',13,'1995-08-14 10:29:42'),(14,14,'lachrymation',14,'1974-08-13 00:50:46'),(15,15,'wow',15,'1980-02-15 01:48:11'),(16,16,'like',16,'1976-11-26 08:20:55'),(17,17,'wow',17,'2011-05-18 20:59:18'),(18,18,'like',18,'1996-07-27 09:53:59'),(19,19,'like',19,'2010-02-19 21:05:15'),(20,20,'like',20,'1982-05-22 20:18:30'),(21,21,'like',21,'1994-03-14 07:36:46'),(22,22,'lachrymation',22,'1982-04-23 00:57:51'),(23,23,'like',23,'1983-04-16 15:03:08'),(24,24,'dislike',24,'1971-07-18 09:57:39'),(25,25,'lachrymation',25,'2018-06-21 06:08:09'),(26,26,'lachrymation',26,'1970-11-05 18:12:43'),(27,27,'like',27,'1992-04-29 22:07:51'),(28,28,'lachrymation',28,'2017-07-02 02:27:01'),(29,29,'like',29,'1990-08-19 05:34:46'),(30,30,'wow',30,'1978-01-28 04:11:19'),(31,31,'like',31,'1984-03-31 18:55:13'),(32,32,'wow',32,'2004-08-08 10:27:05'),(33,33,'dislike',33,'2003-05-04 14:52:05'),(34,34,'like',34,'2011-08-01 05:35:58'),(35,35,'dislike',35,'1982-08-09 13:15:38'),(36,36,'lachrymation',36,'1976-03-11 06:23:19'),(37,37,'like',37,'2004-04-11 19:45:28'),(38,38,'dislike',38,'2000-06-04 16:32:08'),(39,39,'lachrymation',39,'1971-05-25 15:40:56'),(40,40,'wow',40,'2017-12-26 12:04:33'),(41,41,'like',41,'1979-07-05 17:48:09'),(42,42,'wow',42,'2005-06-27 22:45:36'),(43,43,'wow',43,'1970-01-23 18:02:40'),(44,44,'dislike',44,'2013-09-04 05:27:42'),(45,45,'like',45,'1992-06-17 01:05:37'),(46,46,'wow',46,'2019-01-19 14:27:29'),(47,47,'wow',47,'1974-03-15 00:18:39'),(48,48,'dislike',48,'1976-01-10 23:21:13'),(49,49,'wow',49,'1971-08-28 11:37:32'),(50,50,'like',50,'2018-10-13 18:06:52'),(51,51,'dislike',51,'2014-09-15 11:13:50'),(52,52,'like',52,'1991-07-23 02:09:10'),(53,53,'dislike',53,'2001-09-28 03:35:32'),(54,54,'lachrymation',54,'2011-03-06 21:42:00'),(55,55,'like',55,'1995-12-13 03:23:21'),(56,56,'lachrymation',56,'2019-12-29 11:14:39'),(57,57,'lachrymation',57,'2011-04-15 19:29:27'),(58,58,'lachrymation',58,'1979-04-14 19:07:12'),(59,59,'wow',59,'2004-08-06 07:16:45'),(60,60,'wow',60,'1999-10-30 09:47:00'),(61,61,'wow',61,'2017-06-19 01:05:42'),(62,62,'dislike',62,'1992-02-28 18:33:35'),(63,63,'wow',63,'1978-02-15 17:46:22'),(64,64,'wow',64,'1980-02-16 22:03:50'),(65,65,'dislike',65,'1990-12-30 13:41:01'),(66,66,'like',66,'1974-11-18 03:03:04'),(67,67,'like',67,'1998-08-15 12:08:11'),(68,68,'lachrymation',68,'1972-01-05 03:07:12'),(69,69,'wow',69,'1985-03-17 04:28:27'),(70,70,'lachrymation',70,'2018-03-04 07:06:02'),(71,71,'dislike',71,'1979-05-22 07:29:12'),(72,72,'lachrymation',72,'1972-04-29 04:39:02'),(73,73,'like',73,'1975-01-23 15:03:00'),(74,74,'like',74,'1984-09-08 14:10:42'),(75,75,'wow',75,'2018-12-25 05:54:00'),(76,76,'lachrymation',76,'1985-03-28 15:18:05'),(77,77,'dislike',77,'2007-07-21 07:45:18'),(78,78,'wow',78,'2018-09-26 09:18:30'),(79,79,'lachrymation',79,'1989-02-07 15:26:19'),(80,80,'like',80,'2019-12-08 13:48:44'),(81,81,'lachrymation',81,'1996-01-29 19:37:45'),(82,82,'wow',82,'1991-03-03 19:29:45'),(83,83,'lachrymation',83,'1980-06-07 02:13:14'),(84,84,'like',84,'2018-12-08 19:18:50'),(85,85,'dislike',85,'1998-02-15 13:31:18'),(86,86,'wow',86,'1993-03-28 20:24:47'),(87,87,'dislike',87,'1999-08-16 15:42:18'),(88,88,'lachrymation',88,'1981-09-16 00:51:30'),(89,89,'dislike',89,'1998-12-17 21:43:14'),(90,90,'wow',90,'2011-10-08 18:36:25'),(91,91,'like',91,'1974-12-08 06:55:30'),(92,92,'wow',92,'2002-08-11 12:22:12'),(93,93,'wow',93,'1977-12-25 14:39:37'),(94,94,'like',94,'1990-01-01 07:58:02'),(95,95,'lachrymation',95,'1996-12-19 02:12:17'),(96,96,'like',96,'1975-10-20 07:02:58'),(97,97,'wow',97,'2015-10-28 09:48:40'),(98,98,'dislike',98,'1983-12-25 01:02:30'),(99,99,'like',99,'1999-04-13 19:38:30'),(100,100,'dislike',100,'1977-10-03 05:02:45');
/*!40000 ALTER TABLE `post_likes` ENABLE KEYS */;
UNLOCK TABLES;

--
-- Table structure for table `posts`
--

DROP TABLE IF EXISTS `posts`;
/*!40101 SET @saved_cs_client     = @@character_set_client */;
/*!50503 SET character_set_client = utf8mb4 */;
CREATE TABLE `posts` (
  `id` bigint unsigned NOT NULL AUTO_INCREMENT,
  `user_id` bigint unsigned NOT NULL,
  `body` text,
  `attachments` json DEFAULT NULL,
  `metadata` json DEFAULT NULL,
  `created_at` datetime DEFAULT CURRENT_TIMESTAMP,
  `updated_at` datetime DEFAULT CURRENT_TIMESTAMP ON UPDATE CURRENT_TIMESTAMP,
  PRIMARY KEY (`id`),
  UNIQUE KEY `id` (`id`),
  KEY `user_id` (`user_id`),
  CONSTRAINT `posts_ibfk_1` FOREIGN KEY (`user_id`) REFERENCES `users` (`id`)
) ENGINE=InnoDB AUTO_INCREMENT=101 DEFAULT CHARSET=utf8mb4 COLLATE=utf8mb4_0900_ai_ci;
/*!40101 SET character_set_client = @saved_cs_client */;

--
-- Dumping data for table `posts`
--

LOCK TABLES `posts` WRITE;
/*!40000 ALTER TABLE `posts` DISABLE KEYS */;
INSERT INTO `posts` VALUES (1,1,'Explicabo similique quidem nostrum vitae enim quisquam autem. Molestiae provident possimus eaque nesciunt quaerat. Adipisci laboriosam ut reiciendis amet cum debitis vel. Quia soluta atque commodi fugit consequatur nihil.',NULL,NULL,'2011-07-25 01:31:21','2015-01-29 05:38:37'),(2,2,'Minima minus tempora est hic aut ut. Qui culpa aut quasi saepe quasi qui atque. Porro ut nulla voluptatem dicta velit unde. Earum omnis rerum optio sit quis.',NULL,NULL,'2000-05-11 17:11:46','1994-10-03 11:13:15'),(3,3,'Maiores quia dolores ut molestias. Alias rerum aut earum eos quos veniam. Ipsum veniam assumenda ipsa quae.',NULL,NULL,'2013-11-25 12:53:45','1992-02-02 08:31:15'),(4,4,'Dignissimos necessitatibus cumque modi qui. Sunt consequuntur praesentium reprehenderit. Quae quaerat nostrum cupiditate totam.',NULL,NULL,'2002-08-07 02:15:11','2018-10-16 17:58:53'),(5,5,'Tempora eum eaque vel. Omnis accusantium corporis neque error hic vitae. Quasi enim rerum vitae. Cupiditate qui sint voluptatibus voluptate quis.',NULL,NULL,'2019-09-22 07:06:45','1992-09-10 23:40:00'),(6,6,'Et voluptatem quisquam illum at unde. Nihil quibusdam eos iste consequatur voluptatem. Et quaerat quos cumque eaque esse itaque commodi cumque.',NULL,NULL,'1979-07-10 14:41:41','2007-09-29 21:53:16'),(7,7,'Quis iure et provident quia quidem aliquam repellat sunt. Illum ducimus veniam in aut suscipit accusamus assumenda. Qui voluptatibus dolores sit esse consectetur eum eos.',NULL,NULL,'1998-02-16 00:43:30','1980-06-12 02:12:10'),(8,8,'Dolores debitis aut est libero et non. Voluptatem sed non nisi aut nesciunt. Quia laboriosam esse qui nisi quas aut alias voluptatem.',NULL,NULL,'2003-07-11 12:37:08','2015-10-19 07:23:10'),(9,9,'Quia eaque unde qui tempore placeat odit culpa. Odit ipsam quia voluptatibus neque. Dolor occaecati vel enim sunt doloribus explicabo maiores.',NULL,NULL,'1981-09-20 05:12:03','2003-07-19 02:17:30'),(10,10,'Maiores debitis et sunt error iure et. Est fuga eos consequatur eligendi recusandae sint quia.',NULL,NULL,'2001-01-03 15:44:37','2017-12-27 04:56:33'),(11,11,'Enim culpa illo alias voluptates dolorem illum facilis. Sapiente quia aut voluptas iure. At ipsam corporis sint deserunt. Magnam architecto architecto maiores libero sed.',NULL,NULL,'2007-07-14 19:12:57','2016-03-26 17:33:39'),(12,12,'Et eligendi ipsa voluptatem nisi similique quia. Quasi beatae vel sint. Enim quas deleniti tenetur.',NULL,NULL,'1977-01-02 23:48:48','1988-12-10 06:36:47'),(13,13,'Et id esse harum distinctio. Reprehenderit aut iste totam eos. Excepturi tempore temporibus quisquam.',NULL,NULL,'2012-02-08 16:16:01','1984-10-22 13:47:32'),(14,14,'Non quia tempore porro recusandae ipsum omnis. Voluptas explicabo enim eum qui animi maxime. Nemo cumque ea culpa quis minus nesciunt.',NULL,NULL,'1982-03-23 10:17:42','1984-10-10 00:30:15'),(15,15,'Dignissimos eius sed unde fuga voluptatem. Qui voluptatum eum ex. Voluptates sed aliquid fugit id libero. Fugit assumenda aut qui.',NULL,NULL,'2011-10-02 15:48:28','1978-05-08 22:05:22'),(16,16,'Laudantium id dolor omnis temporibus. Soluta sapiente veritatis error quis libero impedit. Aut est ea reiciendis fugit.',NULL,NULL,'1978-07-31 20:33:00','1995-07-16 17:14:47'),(17,17,'Eum possimus doloremque consequatur expedita. Consequuntur officiis est consequatur neque qui libero quia.',NULL,NULL,'1981-06-18 10:20:32','2004-12-07 00:12:29'),(18,18,'Optio est ea magnam id et. Cum ullam quam saepe id voluptas ut. Consequuntur expedita sed temporibus. Aut alias omnis autem deleniti et necessitatibus nesciunt laudantium.',NULL,NULL,'2015-06-17 08:35:51','1997-01-28 07:25:37'),(19,19,'Ad eum est fugit similique adipisci. Asperiores ut beatae cumque sunt tempora ipsum.',NULL,NULL,'2009-06-26 10:00:41','2006-06-30 08:17:33'),(20,20,'Rerum voluptatibus est dolores quia id dolores cumque. In et quia ea sit. Ut voluptatem laborum debitis vel fuga. Ea est dolorum adipisci velit assumenda et est provident.',NULL,NULL,'2010-06-15 09:10:36','1978-10-04 00:00:17'),(21,21,'Eligendi earum corporis enim sed molestiae dignissimos. Alias nisi et dolor sit ex sit dolorum. Dignissimos quam hic nam aliquid voluptas non.',NULL,NULL,'2013-12-24 03:05:20','1995-07-06 13:14:40'),(22,22,'Corrupti et facilis quia aliquam fuga a. Qui aut ut corrupti id omnis eos facere aliquid. Rerum velit aliquid dolore corporis ratione.',NULL,NULL,'1983-01-18 21:10:54','2008-07-16 09:33:35'),(23,23,'Nam omnis qui animi dignissimos cupiditate asperiores. Illum sint nihil molestiae quasi at molestiae eius. Sunt accusamus odio tenetur fuga reprehenderit. Ut vitae hic soluta aperiam sed autem doloremque.',NULL,NULL,'2001-09-16 14:24:14','1975-10-04 00:35:19'),(24,24,'Ipsam officiis est repellat fuga. Saepe officia cum ducimus pariatur consequatur voluptatibus. Dolores earum et nobis tempora soluta. Consequuntur quidem qui minus voluptatem ipsa assumenda aut.',NULL,NULL,'2013-08-27 03:30:06','2012-08-31 03:39:39'),(25,25,'Eaque minima non in et et. Eius quasi nobis dolor deserunt. Voluptatum saepe nisi eius earum facilis. Id quos nisi quia in explicabo blanditiis minus.',NULL,NULL,'1993-06-29 11:26:14','1970-09-19 12:55:38'),(26,26,'Dolorem sunt sunt necessitatibus ut id est. Velit ex voluptates a debitis dolorem. Reprehenderit facere distinctio qui quo unde voluptatibus sapiente sed. Possimus eligendi qui voluptas dolorem doloribus est veniam ad.',NULL,NULL,'1979-11-06 21:03:08','1982-12-21 07:59:15'),(27,27,'Et in assumenda totam est eos. Tempora doloremque qui et enim quaerat. Rerum et sint autem quisquam quasi perferendis accusantium omnis.',NULL,NULL,'1985-09-15 16:51:39','1981-08-25 23:35:51'),(28,28,'Suscipit nihil numquam recusandae. Est aut fugiat sed totam. Quia commodi dicta et expedita cupiditate. Cupiditate sint ut laboriosam maxime illum quo odio.',NULL,NULL,'1978-06-05 09:43:38','1997-03-04 02:32:53'),(29,29,'Quasi architecto consequuntur consequatur. Atque est dolorem non quaerat dolores in. Qui at sunt ut eius eaque ut.',NULL,NULL,'2002-05-12 17:15:45','1998-11-08 20:19:27'),(30,30,'Fuga sed distinctio sint dolores culpa. Eos dolor quas dolorem vitae minima minus a. Sed corrupti veniam reiciendis vitae numquam. Et eos ut porro totam aperiam reprehenderit veniam.',NULL,NULL,'1975-01-26 17:25:39','2011-05-07 00:48:19'),(31,31,'Vel nulla pariatur perferendis tenetur. Saepe consequatur quia odio ipsam distinctio consequatur autem et. Iusto mollitia laborum est eos cupiditate laboriosam atque quae.',NULL,NULL,'2013-07-01 21:09:39','1986-12-06 19:56:32'),(32,32,'Consequatur hic adipisci sed et. Quis nobis velit sed nobis perspiciatis reiciendis placeat. Et expedita qui eligendi quo. Voluptas id dolorem est. Amet enim quidem voluptate reprehenderit recusandae ut.',NULL,NULL,'2002-03-29 04:27:35','1986-12-07 20:11:05'),(33,33,'Est laboriosam velit in voluptas iure et. Voluptates sed explicabo itaque temporibus dolor aut assumenda. Vitae itaque autem deleniti eius in quibusdam voluptates.',NULL,NULL,'2019-11-19 22:45:22','2005-06-06 06:33:34'),(34,34,'Placeat debitis nam est voluptatibus fuga. Veritatis mollitia sed quisquam sint atque saepe. Non ut aut saepe maxime voluptates recusandae.',NULL,NULL,'1971-05-16 07:35:28','2004-08-25 14:01:34'),(35,35,'Officiis in deserunt beatae eligendi labore explicabo. Et aliquid modi doloribus quo voluptates. Consequatur voluptatem ipsa quia perspiciatis facere vel voluptatibus. Quo quaerat distinctio voluptatem aliquam sit.',NULL,NULL,'1970-07-10 23:52:57','2006-02-10 20:16:24'),(36,36,'Dolores nisi tenetur atque et maiores eaque illum quod. Possimus repudiandae numquam quia qui sint et saepe enim.',NULL,NULL,'2014-04-28 01:25:55','1970-01-12 04:41:03'),(37,37,'Ut deserunt quisquam quibusdam nesciunt. Itaque et totam est eaque omnis aspernatur nobis.',NULL,NULL,'1975-04-05 20:21:48','1992-11-15 05:38:08'),(38,38,'Eum sequi omnis quia odit quibusdam. Incidunt laborum corporis quo quaerat ab est. Est laboriosam repellat dicta aspernatur iure.',NULL,NULL,'1983-09-30 21:47:14','1999-05-19 15:30:53'),(39,39,'Ut nesciunt occaecati sint repellat ducimus. Ipsa soluta magnam at laboriosam pariatur maiores iusto. Libero dignissimos esse explicabo sed et rerum eum recusandae. Ut aperiam labore voluptas facilis ab dolor.',NULL,NULL,'1988-08-13 20:08:43','1992-10-17 04:57:40'),(40,40,'Quae aliquam sapiente ipsa doloribus dolores corrupti neque. Sed ut odio necessitatibus aut non rerum rem aut. Tempore magnam sint exercitationem doloribus. Nulla ipsam rerum non.',NULL,NULL,'1985-08-22 01:25:33','2004-12-02 09:52:12'),(41,41,'Aliquid numquam et eius non. Et cupiditate deserunt blanditiis at eius dolore et. Optio reprehenderit cupiditate quis minima tempore eum.',NULL,NULL,'2018-07-20 19:05:18','1972-07-20 03:48:08'),(42,42,'Et iste qui ex ad doloremque. Et dolor temporibus et cum quae magni nihil. Nihil ea nihil voluptatum. Rerum et unde officiis nemo.',NULL,NULL,'1971-07-30 09:37:56','1980-12-18 03:40:32'),(43,43,'Voluptatem porro asperiores aspernatur libero. Non doloribus nam aut. Neque ipsum est harum fuga aut sed. Facilis nisi sint labore ex.',NULL,NULL,'2004-01-07 21:45:19','1998-05-24 14:19:15'),(44,44,'Sequi voluptate qui harum tempora. Incidunt libero dolor et quod. Ea ea amet a rerum facere iusto quia. Eaque magni neque et. Doloribus atque velit non tempora nesciunt veniam voluptas.',NULL,NULL,'1971-06-18 02:52:07','2015-01-24 08:45:58'),(45,45,'Ut officia delectus magnam fugiat. Voluptas voluptas alias perferendis nihil placeat perferendis occaecati. Impedit reiciendis rerum consectetur eaque.',NULL,NULL,'1995-12-21 08:55:42','1994-04-28 19:38:52'),(46,46,'Ut et qui et possimus. Unde et velit at vel et. Consequatur quaerat ex at ut ad voluptas. Quod reiciendis reprehenderit tenetur commodi sequi nulla.',NULL,NULL,'1978-05-12 01:53:41','2020-06-11 21:10:46'),(47,47,'Reprehenderit numquam provident nam qui. Voluptas recusandae aut sint corrupti molestiae. Voluptas consequatur reprehenderit placeat quia totam voluptatem cum.',NULL,NULL,'2003-01-12 23:30:13','2013-05-28 18:40:50'),(48,48,'Corrupti quam cupiditate accusamus. Magni pariatur eum a rerum cupiditate id placeat. Rerum beatae a repudiandae qui.',NULL,NULL,'1997-05-31 05:54:42','1999-05-17 20:21:34'),(49,49,'Aperiam quo ipsam ut quam quia. Quis doloremque atque cumque. Et debitis rerum nam. Officiis laudantium exercitationem nobis cum corporis et.',NULL,NULL,'2013-11-15 11:59:21','2002-08-16 21:03:37'),(50,50,'Sed voluptas qui amet id. Commodi ut ipsa incidunt sed sunt qui. Pariatur voluptate sint praesentium iusto facere quaerat animi. Dolorem numquam consequatur voluptas non molestiae labore officia quia.',NULL,NULL,'2020-02-02 01:38:18','1991-10-01 15:12:16'),(51,51,'Tempore repellendus sunt sint nam magni. Laborum ipsam nostrum earum quia accusamus. Culpa sapiente sed qui.',NULL,NULL,'2018-05-24 08:20:28','1998-04-07 01:46:57'),(52,52,'Officia vitae sint hic omnis. Molestiae est natus quia sit neque et nostrum. Aperiam ut libero harum voluptatem ipsum qui nostrum. Maiores laudantium deserunt quisquam qui nulla voluptatem.',NULL,NULL,'1970-07-03 03:41:28','1990-05-20 04:15:05'),(53,53,'Consequatur architecto eveniet quam molestiae perferendis nesciunt. Minus error odit necessitatibus aliquid voluptates a qui ut. Eum libero illum consequatur et minus magni mollitia molestiae.',NULL,NULL,'2009-01-05 13:57:02','2012-09-06 13:22:00'),(54,54,'A veniam eligendi et rerum. Ut soluta qui ipsum maiores. Corporis aut explicabo rem est at autem et.',NULL,NULL,'1992-05-22 23:59:25','1987-01-18 19:23:32'),(55,55,'Mollitia quae odio rem aliquam molestiae et. Consequatur eaque delectus debitis dolorum autem provident. Qui quo voluptatem officiis ut.',NULL,NULL,'1989-12-06 00:03:40','1983-10-02 09:00:02'),(56,56,'Eius repellendus dolorem et. Fuga voluptas odio et consectetur et et. Explicabo quos facere quaerat ut. Temporibus consequuntur et expedita doloribus non alias eius doloribus.',NULL,NULL,'1996-06-10 07:33:43','1998-11-22 01:24:28'),(57,57,'Earum occaecati fugiat voluptate quia veritatis. Nesciunt eos maxime cumque id vitae. Autem autem fuga eos voluptate iusto debitis praesentium consectetur.',NULL,NULL,'1995-08-30 00:56:46','2004-04-22 21:28:00'),(58,58,'Accusamus expedita pariatur distinctio. Libero animi odio voluptatibus minima. Autem rem voluptatem incidunt ex corporis aliquid est. Sequi ad officiis perspiciatis ut sed nisi saepe.',NULL,NULL,'2018-02-17 01:37:47','1973-05-08 10:01:51'),(59,59,'Modi et ut consequatur enim. Magni non atque earum occaecati laudantium. Ex quisquam praesentium aspernatur quisquam recusandae tenetur enim.',NULL,NULL,'1996-09-30 18:38:12','1995-07-07 20:52:08'),(60,60,'Ex voluptatibus quo id eos perspiciatis amet sit. Alias nihil iure eos eligendi provident quo. Tenetur vitae veritatis doloribus voluptates tenetur non voluptate. Quas rem excepturi consequatur temporibus ex magnam odit.',NULL,NULL,'2001-09-06 07:22:13','2005-03-27 01:23:54'),(61,61,'Tempora voluptatem quaerat sint assumenda rerum. Aut exercitationem nemo harum dolor doloremque qui. Enim animi veritatis aut voluptatem magni molestias. Sit aut eaque inventore facilis aut aliquid.',NULL,NULL,'2016-03-07 04:38:14','1991-11-20 06:17:50'),(62,62,'Maiores dolores et totam expedita in. Dolores corporis praesentium rerum sunt. Quia assumenda totam hic iusto aliquam veniam.',NULL,NULL,'2018-03-24 02:04:59','1993-12-08 14:34:42'),(63,63,'Voluptate consequatur sit aliquid sapiente laboriosam ut aperiam. Vero veniam debitis quo natus. Architecto alias adipisci harum officia voluptatem necessitatibus facere.',NULL,NULL,'2000-05-02 07:56:42','2015-05-20 11:14:01'),(64,64,'Ut neque doloribus inventore similique. Expedita provident amet eos dicta nihil modi. Voluptatem dolorem debitis nobis non dolores. Provident porro nemo corrupti dignissimos est veniam quo.',NULL,NULL,'1993-12-31 16:49:14','2019-12-24 13:21:02'),(65,65,'Voluptatem deserunt officia asperiores excepturi voluptas. Et aliquid fugiat temporibus porro tempore quasi. Molestiae excepturi nesciunt laboriosam illum. Enim ab doloribus adipisci iste qui est.',NULL,NULL,'2015-03-25 04:54:01','1988-08-09 17:17:22'),(66,66,'Voluptatem et minima dicta perferendis sit tempora provident labore. Inventore velit consectetur nobis minus corrupti. Aut ea vel in deleniti maiores in rem eligendi.',NULL,NULL,'1997-12-23 21:36:05','1975-05-27 23:31:07'),(67,67,'Repellendus atque voluptatem et voluptate vitae. Quia sit corporis non ullam eveniet. Occaecati excepturi blanditiis ex non dignissimos. Mollitia est adipisci magnam debitis nisi nobis quo.',NULL,NULL,'1981-10-10 18:53:20','1979-01-31 03:28:58'),(68,68,'Quasi ratione sunt dolor amet. Molestiae temporibus voluptates labore aspernatur.',NULL,NULL,'1971-11-07 09:16:01','1984-12-14 15:24:28'),(69,69,'Quaerat ab voluptatem quia deserunt quisquam officiis. Aspernatur est delectus dolor quisquam suscipit. Quod porro asperiores quia ut veniam. Consequuntur assumenda a excepturi adipisci facere temporibus.',NULL,NULL,'1985-05-09 02:07:29','1973-08-30 11:33:15'),(70,70,'Architecto in dolores quia est earum suscipit id commodi. Et mollitia laborum quasi reprehenderit at. Officia vero dolores natus quaerat consequuntur fugiat.',NULL,NULL,'1995-08-29 21:19:49','1995-07-03 16:09:20'),(71,71,'Quos sint optio officia est. Tempora distinctio accusantium eos est deserunt tempora. Et amet similique sint corrupti error quas nihil.',NULL,NULL,'2018-10-28 18:13:48','1976-04-13 09:00:21'),(72,72,'Repellat dolorem consequatur ut et et. Consequuntur molestias odit sed. Quaerat commodi aut consequatur consequatur.',NULL,NULL,'2017-02-13 22:10:49','2013-08-29 13:17:11'),(73,73,'Itaque dolores voluptatem quasi tempore reprehenderit nobis. Rem aliquam earum error rerum omnis fugit voluptas. Nostrum et placeat amet quasi rerum suscipit.',NULL,NULL,'1971-09-06 19:52:28','2007-07-27 09:23:51'),(74,74,'Aspernatur quod aut earum repellendus veniam minima quis. Vel sit deserunt fugiat praesentium. Voluptatibus modi et ut enim consequuntur. Quas quasi perferendis distinctio omnis necessitatibus facere.',NULL,NULL,'2001-03-27 01:18:14','1992-11-05 13:33:56'),(75,75,'Eos perferendis quod aliquid iusto eum reiciendis mollitia. Architecto et dignissimos eos qui et quia.',NULL,NULL,'2009-03-16 07:11:50','1999-10-01 05:06:07'),(76,76,'Facere vel eligendi sit ducimus provident. Earum quam iure ipsam nesciunt. Omnis ipsa consequatur ullam assumenda. Quas voluptate nihil nisi.',NULL,NULL,'1973-03-03 01:35:43','2014-10-30 17:47:45'),(77,77,'Veritatis et nihil omnis animi iure et id labore. Qui mollitia consequuntur occaecati laboriosam suscipit rem. Perferendis accusantium sapiente harum veritatis dicta omnis.',NULL,NULL,'1978-05-16 06:40:11','2020-06-19 20:09:13'),(78,78,'Qui qui eos quae eveniet sit provident. Asperiores atque occaecati voluptatem iste. Sint sit animi labore est officiis est.',NULL,NULL,'1970-06-06 13:46:50','1986-01-19 19:53:10'),(79,79,'Sed et laudantium velit quia. Maiores ut autem et inventore. Et cumque iure dolores corporis eos cupiditate laborum.',NULL,NULL,'1989-11-14 09:59:06','1986-08-24 16:00:27'),(80,80,'Impedit nisi est veniam hic. Et cum est possimus dolores. Harum dicta autem quam.',NULL,NULL,'1986-08-31 00:46:22','1990-02-16 16:56:06'),(81,81,'Nulla magnam aut facilis rerum laborum voluptas sapiente cum. Ea recusandae est molestiae odio reiciendis. Expedita earum et non nesciunt eveniet mollitia. Consequatur et sit cum dolores.',NULL,NULL,'2018-12-17 08:07:16','2011-02-11 00:27:27'),(82,82,'Rem dolore officia facilis sunt nesciunt illum quo. Pariatur ab quibusdam sunt inventore. Consequatur consequatur totam et architecto necessitatibus. Explicabo aut id ratione doloremque dolorem assumenda.',NULL,NULL,'2003-06-19 10:48:33','1976-05-21 13:26:29'),(83,83,'Ullam fugit repellendus aliquam laudantium quia. Amet harum et in repellat omnis hic. Non officia magni occaecati totam eveniet vitae nihil et. Est nostrum et rerum placeat.',NULL,NULL,'2008-06-17 09:06:25','2012-12-31 22:32:00'),(84,84,'Fuga est nemo velit est officiis. Perferendis libero et a eos id. Sed enim unde dolore iusto. Nihil id dicta quia ut blanditiis beatae minima. Facilis esse non ut velit voluptates.',NULL,NULL,'1974-09-12 02:51:26','1999-01-11 22:11:16'),(85,85,'Alias fugit quasi nam beatae provident quo. Voluptatem et vitae temporibus minus. Non quo sed recusandae temporibus. Sint explicabo qui aut et molestiae ipsa.',NULL,NULL,'1994-10-29 18:04:57','2007-04-05 23:20:28'),(86,86,'Voluptatum consequuntur mollitia doloremque voluptatum odio accusamus. Ipsam impedit aliquid et ullam rerum error exercitationem ea. Rem quia qui repellat nemo sit et.',NULL,NULL,'1982-02-01 01:31:03','1982-06-03 23:53:36'),(87,87,'Sint atque quod sit dicta et libero dolor. Nihil magnam earum corporis est autem omnis. Expedita nulla eius quod nihil suscipit sapiente architecto.',NULL,NULL,'2004-09-11 01:02:04','2005-05-18 23:32:07'),(88,88,'Veritatis odit amet sit et quaerat quia ipsum. Rerum quia maxime nesciunt in id aut ea voluptatem. Laboriosam qui velit perspiciatis amet tempora aut. Facilis similique recusandae eius non et aut error. Dolorem soluta aut aut provident sed.',NULL,NULL,'1997-01-30 20:51:44','2000-12-12 11:39:35'),(89,89,'Repellat sint qui optio itaque sed animi. Asperiores et cum ut eum. Rerum dolorum culpa soluta molestiae.',NULL,NULL,'2010-07-09 15:43:27','2012-01-06 14:05:57'),(90,90,'Qui qui similique debitis perferendis. Alias consequuntur exercitationem sed praesentium voluptates est qui. Provident est quam tenetur tempora quae.',NULL,NULL,'2002-06-28 07:49:19','2000-04-27 19:21:26'),(91,91,'Dicta sed vel in ullam. Illo quibusdam magni eum libero eum officia. Modi voluptatibus voluptatem in magnam temporibus ut.',NULL,NULL,'1985-03-15 07:15:20','2015-06-10 16:24:31'),(92,92,'Animi pariatur quidem nostrum unde sapiente. At vel nulla omnis est aperiam ut numquam. Nostrum rerum sunt dolor quam eveniet.',NULL,NULL,'1978-10-20 19:43:21','1977-07-10 12:28:19'),(93,93,'Doloremque porro molestiae quod totam alias temporibus. Voluptatem dolorum qui delectus ea nisi eos. Provident ullam aspernatur esse et exercitationem. Saepe velit aut magni.',NULL,NULL,'2019-03-22 16:36:46','2007-09-16 22:55:58'),(94,94,'Vel aliquam provident rerum. Expedita impedit perferendis soluta qui ut. Perspiciatis excepturi sit repellat dolores. Doloribus perferendis aut alias voluptas aliquid enim.',NULL,NULL,'2009-11-30 12:50:59','2018-11-21 14:39:24'),(95,95,'Alias molestias voluptas corrupti voluptas aut vel eligendi. Sit saepe atque magni est illum. Est nemo quibusdam tempora fugit voluptatem atque magni. Iusto ratione et magni facilis voluptas velit vel.',NULL,NULL,'2018-07-17 15:34:01','1992-10-08 21:41:19'),(96,96,'Incidunt sint eum officiis repellat pariatur ea. Sequi aut non quaerat aspernatur eos officiis amet. Veritatis non mollitia impedit consequatur. Labore quis quidem tempora facere a.',NULL,NULL,'1995-02-21 06:30:36','2007-03-03 13:48:33'),(97,97,'Commodi consequatur voluptatem et pariatur. Eius dolores assumenda unde est dolorum pariatur aut. Aut et dolor iure deserunt vel. At nihil sed vitae corrupti eligendi ipsa.',NULL,NULL,'1990-06-08 00:53:05','1982-08-23 19:39:03'),(98,98,'Vero commodi quos incidunt. Assumenda est nihil voluptas consequatur. Veniam sapiente rerum ducimus tempora.',NULL,NULL,'1974-04-27 22:39:58','1984-01-08 20:33:41'),(99,99,'Quia quo quibusdam consectetur perferendis eos asperiores rerum. Quia voluptas neque beatae excepturi. Natus ut voluptates nihil modi eaque nostrum magnam.',NULL,NULL,'1997-07-24 19:04:11','1973-02-10 15:00:10'),(100,100,'Totam aut quo velit maxime eum. Tenetur et ad similique. Nulla at doloribus veritatis quis eaque eligendi et.',NULL,NULL,'2005-11-24 07:00:35','1999-06-06 02:34:47');
/*!40000 ALTER TABLE `posts` ENABLE KEYS */;
UNLOCK TABLES;

--
-- Table structure for table `profiles`
--

DROP TABLE IF EXISTS `profiles`;
/*!40101 SET @saved_cs_client     = @@character_set_client */;
/*!50503 SET character_set_client = utf8mb4 */;
CREATE TABLE `profiles` (
  `id` bigint unsigned NOT NULL AUTO_INCREMENT,
  `user_id` bigint unsigned NOT NULL,
  `gender` char(1) DEFAULT NULL,
  `name` varchar(100) DEFAULT NULL,
  `surname` varchar(100) DEFAULT NULL,
  `birthday` date DEFAULT NULL,
  `photo_id` bigint unsigned DEFAULT NULL,
  `created_at` datetime DEFAULT CURRENT_TIMESTAMP,
  `hometown` varchar(100) DEFAULT NULL,
  PRIMARY KEY (`id`),
  UNIQUE KEY `id` (`id`),
  KEY `user_id` (`user_id`),
  CONSTRAINT `profiles_ibfk_1` FOREIGN KEY (`user_id`) REFERENCES `users` (`id`)
) ENGINE=InnoDB AUTO_INCREMENT=101 DEFAULT CHARSET=utf8mb4 COLLATE=utf8mb4_0900_ai_ci;
/*!40101 SET character_set_client = @saved_cs_client */;

--
-- Dumping data for table `profiles`
--

LOCK TABLES `profiles` WRITE;
/*!40000 ALTER TABLE `profiles` DISABLE KEYS */;
INSERT INTO `profiles` VALUES (1,1,NULL,'accusamus','dolorum','2001-06-26',1,'1998-03-16 04:29:54',NULL),(2,2,NULL,'necessitatibus','quasi','2008-10-27',2,'2010-10-21 14:15:00',NULL),(3,3,NULL,'eos','et','2005-03-01',3,'1986-07-06 23:42:26',NULL),(4,4,NULL,'exercitationem','architecto','1996-12-06',4,'2019-11-30 14:31:02',NULL),(5,5,NULL,'omnis','delectus','2005-05-07',5,'1971-07-12 14:36:48',NULL),(6,6,NULL,'dolore','rerum','1974-12-23',6,'1971-04-20 15:39:21',NULL),(7,7,NULL,'veniam','provident','1999-07-29',7,'1998-10-07 15:57:01',NULL),(8,8,NULL,'placeat','ut','1976-08-02',8,'1976-02-15 13:22:05',NULL),(9,9,NULL,'magnam','ipsam','1996-07-05',9,'2007-08-10 01:30:53',NULL),(10,10,NULL,'est','hic','1976-03-12',10,'1992-07-20 01:23:12',NULL),(11,11,NULL,'earum','et','2018-09-14',11,'1988-12-10 02:32:37',NULL),(12,12,NULL,'qui','labore','1976-07-31',12,'1974-01-06 04:33:20',NULL),(13,13,NULL,'harum','illo','2016-03-26',13,'1983-05-07 06:31:24',NULL),(14,14,NULL,'non','magnam','1996-08-29',14,'2001-11-09 19:31:37',NULL),(15,15,NULL,'occaecati','sit','1987-10-17',15,'2019-07-11 12:55:46',NULL),(16,16,NULL,'quae','recusandae','2010-06-19',16,'2008-05-17 19:16:24',NULL),(17,17,NULL,'possimus','qui','2000-03-26',17,'1983-02-04 15:00:00',NULL),(18,18,NULL,'iure','et','2010-09-21',18,'1983-05-21 21:34:30',NULL),(19,19,NULL,'odit','eveniet','2003-05-14',19,'1979-03-24 17:17:37',NULL),(20,20,NULL,'accusantium','ipsam','1995-12-18',20,'1985-09-12 02:25:10',NULL),(21,21,NULL,'est','quos','2008-07-21',21,'2011-06-26 21:53:25',NULL),(22,22,NULL,'atque','natus','1989-03-10',22,'1971-05-27 19:22:01',NULL),(23,23,NULL,'sit','odit','2006-02-27',23,'1983-10-15 20:35:06',NULL),(24,24,NULL,'porro','velit','1994-11-29',24,'2010-09-05 19:58:45',NULL),(25,25,NULL,'tempora','in','1997-06-01',25,'1978-02-19 18:34:49',NULL),(26,26,NULL,'aspernatur','sed','1972-09-06',26,'2019-09-15 16:05:17',NULL),(27,27,NULL,'inventore','vitae','2013-07-02',27,'1996-05-05 00:33:44',NULL),(28,28,NULL,'perspiciatis','ea','2006-07-24',28,'1992-08-21 04:16:00',NULL),(29,29,NULL,'nesciunt','enim','2012-06-18',29,'1975-11-02 23:52:22',NULL),(30,30,NULL,'error','provident','2008-10-05',30,'1988-08-30 04:57:06',NULL),(31,31,NULL,'veritatis','ut','1999-01-20',31,'2015-08-09 20:25:34',NULL),(32,32,NULL,'ea','nulla','2017-02-17',32,'1983-09-30 18:03:28',NULL),(33,33,NULL,'iusto','et','2015-02-10',33,'1994-05-31 08:10:39',NULL),(34,34,NULL,'assumenda','id','2004-12-12',34,'1978-11-16 09:13:59',NULL),(35,35,NULL,'sequi','quo','1982-01-07',35,'2018-08-10 12:14:13',NULL),(36,36,NULL,'voluptas','optio','1977-02-11',36,'2004-04-02 21:45:52',NULL),(37,37,NULL,'omnis','ut','2020-06-11',37,'2007-10-31 22:17:23',NULL),(38,38,NULL,'est','corrupti','1984-10-12',38,'2018-07-17 18:55:37',NULL),(39,39,NULL,'aliquam','ipsum','2000-12-01',39,'1993-03-09 12:20:27',NULL),(40,40,NULL,'excepturi','sed','1992-05-09',40,'1980-11-12 14:36:01',NULL),(41,41,NULL,'quisquam','dolore','2011-03-17',41,'2004-03-16 06:34:59',NULL),(42,42,NULL,'animi','nihil','1971-09-01',42,'2008-12-06 18:00:45',NULL),(43,43,NULL,'sed','atque','1972-11-12',43,'1994-01-20 09:29:28',NULL),(44,44,NULL,'voluptatem','sunt','1988-08-09',44,'1999-01-17 02:11:07',NULL),(45,45,NULL,'voluptatem','assumenda','2001-11-03',45,'2008-09-24 12:16:32',NULL),(46,46,NULL,'eaque','autem','1990-11-03',46,'1990-12-09 22:42:57',NULL),(47,47,NULL,'nostrum','non','1988-03-02',47,'1974-11-09 00:25:47',NULL),(48,48,NULL,'qui','enim','1992-07-21',48,'1979-05-04 22:09:41',NULL),(49,49,NULL,'animi','quo','2011-04-27',49,'1999-01-10 00:32:05',NULL),(50,50,NULL,'voluptatibus','et','2002-07-10',50,'2017-09-03 13:33:49',NULL),(51,51,NULL,'molestiae','et','1975-05-06',51,'1986-03-17 12:50:58',NULL),(52,52,NULL,'molestias','et','1994-02-05',52,'1991-06-08 09:24:24',NULL),(53,53,NULL,'reprehenderit','ad','1997-06-26',53,'1975-06-15 22:41:06',NULL),(54,54,NULL,'sit','qui','1984-12-01',54,'2013-04-20 07:02:27',NULL),(55,55,NULL,'occaecati','saepe','2010-06-30',55,'1986-06-07 18:03:28',NULL),(56,56,NULL,'laborum','provident','1982-07-14',56,'1997-07-17 06:45:54',NULL),(57,57,NULL,'rerum','dignissimos','2017-08-30',57,'1975-10-12 12:00:08',NULL),(58,58,NULL,'ratione','qui','1975-01-18',58,'2020-06-05 18:07:49',NULL),(59,59,NULL,'porro','molestiae','1991-11-20',59,'2000-02-01 09:34:58',NULL),(60,60,NULL,'dolores','alias','1976-06-08',60,'1980-12-29 10:47:32',NULL),(61,61,NULL,'exercitationem','et','1972-01-06',61,'1991-10-07 15:47:08',NULL),(62,62,NULL,'reprehenderit','laborum','1972-04-17',62,'1986-04-24 10:57:40',NULL),(63,63,NULL,'minima','odit','2009-05-14',63,'2010-10-23 12:34:43',NULL),(64,64,NULL,'maxime','nulla','2000-07-05',64,'1983-02-16 00:13:42',NULL),(65,65,NULL,'vero','quae','2003-10-14',65,'1976-10-28 23:48:18',NULL),(66,66,NULL,'non','dicta','1997-10-06',66,'1978-07-20 01:53:20',NULL),(67,67,NULL,'consectetur','voluptatem','1980-04-26',67,'2009-02-01 01:09:30',NULL),(68,68,NULL,'vel','eum','1974-11-22',68,'2019-05-02 10:22:40',NULL),(69,69,NULL,'iusto','esse','2005-07-03',69,'2000-03-19 22:51:42',NULL),(70,70,NULL,'voluptatem','laudantium','2016-10-09',70,'1979-09-20 23:13:36',NULL),(71,71,NULL,'dolorum','sunt','2008-09-27',71,'1988-06-18 18:37:17',NULL),(72,72,NULL,'totam','alias','2017-10-28',72,'1995-12-01 09:54:44',NULL),(73,73,NULL,'pariatur','et','1997-06-13',73,'1984-05-09 05:00:28',NULL),(74,74,NULL,'quia','nihil','1979-12-01',74,'1990-06-11 12:35:22',NULL),(75,75,NULL,'praesentium','soluta','1978-04-21',75,'2012-03-17 09:15:13',NULL),(76,76,NULL,'occaecati','et','2016-08-29',76,'1990-08-26 22:27:16',NULL),(77,77,NULL,'odio','consequuntur','2014-10-02',77,'2019-03-28 14:28:31',NULL),(78,78,NULL,'ea','magni','2019-06-13',78,'1983-11-13 20:41:18',NULL),(79,79,NULL,'sit','facere','1981-01-22',79,'2012-09-09 19:05:50',NULL),(80,80,NULL,'perspiciatis','voluptas','1989-05-21',80,'1979-12-07 11:08:56',NULL),(81,81,NULL,'vitae','rerum','2000-09-01',81,'2013-06-08 12:06:14',NULL),(82,82,NULL,'quas','hic','2002-06-24',82,'1990-12-09 04:13:46',NULL),(83,83,NULL,'expedita','quidem','1982-06-19',83,'1985-12-05 15:08:00',NULL),(84,84,NULL,'rerum','magni','1983-04-15',84,'2016-05-23 09:20:57',NULL),(85,85,NULL,'voluptatem','et','2012-12-21',85,'1973-11-14 17:33:46',NULL),(86,86,NULL,'laudantium','quia','2019-11-23',86,'2013-09-02 22:31:56',NULL),(87,87,NULL,'nisi','facilis','1994-10-10',87,'1972-08-10 18:52:10',NULL),(88,88,NULL,'est','quia','1975-05-06',88,'1980-04-22 01:42:18',NULL),(89,89,NULL,'est','tempora','1974-05-26',89,'2002-09-08 06:56:57',NULL),(90,90,NULL,'ullam','aut','2014-02-04',90,'1984-03-22 00:56:05',NULL),(91,91,NULL,'impedit','quidem','1974-05-20',91,'2007-08-01 02:02:41',NULL),(92,92,NULL,'reiciendis','sint','2017-06-25',92,'1991-08-03 04:19:07',NULL),(93,93,NULL,'aut','et','1971-07-04',93,'1984-10-26 16:30:33',NULL),(94,94,NULL,'necessitatibus','enim','2018-04-16',94,'1978-07-13 21:50:05',NULL),(95,95,NULL,'molestias','suscipit','2009-03-03',95,'1991-07-10 17:39:56',NULL),(96,96,NULL,'at','ducimus','1977-03-06',96,'1981-03-08 09:57:36',NULL),(97,97,NULL,'veritatis','ut','1998-08-12',97,'2019-07-13 15:52:28',NULL),(98,98,NULL,'voluptatem','omnis','1973-11-16',98,'2011-06-14 14:55:22',NULL),(99,99,NULL,'laboriosam','accusamus','1994-02-02',99,'1991-06-29 18:17:12',NULL),(100,100,NULL,'fuga','ullam','2009-11-03',100,'2010-10-25 12:06:05',NULL);
/*!40000 ALTER TABLE `profiles` ENABLE KEYS */;
UNLOCK TABLES;

--
-- Table structure for table `repost`
--

DROP TABLE IF EXISTS `repost`;
/*!40101 SET @saved_cs_client     = @@character_set_client */;
/*!50503 SET character_set_client = utf8mb4 */;
CREATE TABLE `repost` (
  `id` bigint unsigned NOT NULL AUTO_INCREMENT,
  `post_id` bigint unsigned NOT NULL,
  `reposted_to` bigint unsigned NOT NULL,
  `reposted_from` bigint unsigned NOT NULL,
  `reposted_at` datetime DEFAULT CURRENT_TIMESTAMP,
  PRIMARY KEY (`id`),
  UNIQUE KEY `id` (`id`),
  KEY `reposted_to` (`reposted_to`),
  KEY `post_id` (`post_id`),
  CONSTRAINT `repost_ibfk_1` FOREIGN KEY (`reposted_to`) REFERENCES `users` (`id`),
  CONSTRAINT `repost_ibfk_2` FOREIGN KEY (`post_id`) REFERENCES `posts` (`id`)
) ENGINE=InnoDB AUTO_INCREMENT=1201 DEFAULT CHARSET=utf8mb4 COLLATE=utf8mb4_0900_ai_ci;
/*!40101 SET character_set_client = @saved_cs_client */;

--
-- Dumping data for table `repost`
--

LOCK TABLES `repost` WRITE;
/*!40000 ALTER TABLE `repost` DISABLE KEYS */;
INSERT INTO `repost` VALUES (1102,2,2,0,'1992-09-15 06:20:28'),(1113,13,4,0,'2010-03-27 18:40:46'),(1115,15,4,0,'1973-05-14 18:32:33'),(1118,18,8,0,'1984-05-28 15:07:37'),(1119,19,4,0,'1992-04-23 16:47:02'),(1120,20,6,0,'1979-10-31 08:25:32'),(1121,21,94,0,'2011-05-23 19:59:50'),(1122,22,48,0,'2013-01-03 15:42:57'),(1126,26,9,0,'1971-11-06 07:15:50'),(1128,28,97,0,'2012-09-06 20:43:44'),(1129,29,2,0,'1970-07-17 04:19:00'),(1131,31,7,0,'2010-07-02 23:31:18'),(1132,32,5,0,'2014-01-16 16:10:59'),(1136,36,6,0,'1981-03-27 20:20:38'),(1139,39,2,0,'2019-01-07 03:36:51'),(1144,44,5,0,'1971-06-30 11:07:01'),(1146,46,75,0,'1973-07-18 00:55:59'),(1147,47,3,0,'1979-04-16 08:14:30'),(1159,59,1,0,'1976-01-04 07:08:36'),(1162,62,7,0,'1974-07-07 15:51:32'),(1169,69,8,0,'2012-01-01 13:11:46'),(1170,70,8,0,'2019-07-24 01:01:55'),(1171,71,88,0,'2008-08-09 22:46:33'),(1172,72,61,0,'1970-03-07 22:51:11'),(1174,74,72,0,'1970-12-03 17:06:34'),(1177,77,46,0,'2001-01-04 01:17:57'),(1181,81,4,0,'2011-03-10 17:35:36'),(1185,85,84,0,'1985-05-16 04:30:38'),(1186,86,43,0,'1991-01-14 06:06:25'),(1189,89,9,0,'1975-08-16 07:47:13'),(1190,90,2,0,'1981-10-25 17:13:07'),(1193,93,21,0,'2014-06-18 21:29:39'),(1199,99,41,0,'1981-05-06 11:51:06'),(1200,100,9,0,'1997-05-29 16:57:24');
/*!40000 ALTER TABLE `repost` ENABLE KEYS */;
UNLOCK TABLES;

--
-- Table structure for table `users`
--

DROP TABLE IF EXISTS `users`;
/*!40101 SET @saved_cs_client     = @@character_set_client */;
/*!50503 SET character_set_client = utf8mb4 */;
CREATE TABLE `users` (
  `id` bigint unsigned NOT NULL AUTO_INCREMENT,
  `email` varchar(120) DEFAULT NULL,
  `phone` varchar(15) DEFAULT NULL,
  `pass` varchar(200) DEFAULT NULL,
  PRIMARY KEY (`id`),
  UNIQUE KEY `id` (`id`),
  UNIQUE KEY `email` (`email`)
) ENGINE=InnoDB AUTO_INCREMENT=101 DEFAULT CHARSET=utf8mb4 COLLATE=utf8mb4_0900_ai_ci;
/*!40101 SET character_set_client = @saved_cs_client */;

--
-- Dumping data for table `users`
--

LOCK TABLES `users` WRITE;
/*!40000 ALTER TABLE `users` DISABLE KEYS */;
INSERT INTO `users` VALUES (1,'fahey.monique@example.net','819.125.1992x74',NULL),(2,'bgreen@example.org','993.106.4365x29',NULL),(3,'julian.jacobs@example.com','373.207.1652',NULL),(4,'shanna54@example.net','089-636-8279x63',NULL),(5,'robyn.boyle@example.net','(088)034-0764',NULL),(6,'dietrich.deanna@example.net','(597)840-9586',NULL),(7,'prosacco.madelyn@example.com','08784796555',NULL),(8,'clair15@example.net','1-032-454-1078x',NULL),(9,'robel.sheila@example.org','946-762-1103x34',NULL),(10,'daugherty.evangeline@example.net','(892)603-3690x9',NULL),(11,'madilyn.oberbrunner@example.net','1-011-012-5686',NULL),(12,'beer.tremaine@example.com','+56(3)433736700',NULL),(13,'ceasar94@example.com','1-945-735-4439',NULL),(14,'howe.emmanuel@example.org','097.960.6329x84',NULL),(15,'brett.vandervort@example.org','1-697-377-0203x',NULL),(16,'jkirlin@example.com','(648)707-8749x9',NULL),(17,'zabernathy@example.net','1-024-527-0674',NULL),(18,'ntrantow@example.net','1-330-821-5171x',NULL),(19,'schmeler.berry@example.org','02019086562',NULL),(20,'halvorson.leonard@example.org','08915580416',NULL),(21,'lbauch@example.com','326.628.2259',NULL),(22,'jose.altenwerth@example.net','020-138-8253',NULL),(23,'mccullough.merritt@example.com','(911)190-3054x4',NULL),(24,'everette09@example.org','(409)616-4063',NULL),(25,'scruickshank@example.net','1-033-006-6477x',NULL),(26,'pacocha.linnea@example.com','+74(9)707954490',NULL),(27,'parker.heath@example.net','04852893261',NULL),(28,'kaia.mills@example.net','1-007-315-6473',NULL),(29,'fdurgan@example.com','05128674491',NULL),(30,'krajcik.elise@example.com','1-005-674-9930',NULL),(31,'mcglynn.luisa@example.net','+46(1)183809124',NULL),(32,'kreiger.audrey@example.com','00706255980',NULL),(33,'schamberger.graham@example.net','(617)592-7120',NULL),(34,'hartmann.reymundo@example.com','(074)739-1999',NULL),(35,'marjorie.kuhlman@example.org','+03(5)630687917',NULL),(36,'vonrueden.stella@example.com','1-098-834-1268',NULL),(37,'luisa01@example.com','+03(5)557967523',NULL),(38,'mayer.khalid@example.com','04271808628',NULL),(39,'mitchel.stracke@example.com','(419)373-7869x6',NULL),(40,'radams@example.com','1-709-941-9781x',NULL),(41,'natasha73@example.com','780-431-9769',NULL),(42,'willie12@example.net','482.621.8428x59',NULL),(43,'kpredovic@example.org','1-886-263-9126x',NULL),(44,'kstoltenberg@example.net','(725)250-7447',NULL),(45,'shanahan.jaquan@example.net','962-045-4106',NULL),(46,'wo\'hara@example.com','(410)876-1519x3',NULL),(47,'epurdy@example.org','526.511.8096x63',NULL),(48,'jimmie48@example.com','08144618253',NULL),(49,'astrid.effertz@example.org','692-710-4193',NULL),(50,'barbara15@example.net','400.665.2645',NULL),(51,'kirlin.chadd@example.com','(764)029-8206x3',NULL),(52,'robyn89@example.com','1-176-159-7929x',NULL),(53,'akulas@example.net','1-834-480-8686',NULL),(54,'sipes.thomas@example.net','(424)446-3874x3',NULL),(55,'edmond.schamberger@example.org','210.354.8421x27',NULL),(56,'emiliano55@example.net','1-946-573-0182',NULL),(57,'schulist.candida@example.net','381-367-4829x62',NULL),(58,'quinton61@example.net','(487)094-4545',NULL),(59,'fwintheiser@example.com','904-223-4680',NULL),(60,'justine63@example.net','069-855-8882x75',NULL),(61,'murray.henderson@example.net','1-765-947-3358x',NULL),(62,'kuvalis.madilyn@example.com','+13(1)858935887',NULL),(63,'gabriella.renner@example.org','1-447-115-6377x',NULL),(64,'amara.lynch@example.com','910-085-1758x64',NULL),(65,'ffritsch@example.com','(810)489-1371x0',NULL),(66,'ledner.angie@example.net','1-687-417-3214x',NULL),(67,'phermann@example.com','025-745-2777',NULL),(68,'hulda.schinner@example.net','1-488-542-6210x',NULL),(69,'rath.geovanny@example.org','(184)823-4438x8',NULL),(70,'moen.benny@example.com','1-385-263-7140x',NULL),(71,'jamie.rodriguez@example.org','1-507-947-1734x',NULL),(72,'rafael82@example.org','1-753-298-6953x',NULL),(73,'roselyn32@example.net','1-789-951-7687',NULL),(74,'rae.rowe@example.org','03335923849',NULL),(75,'uwilkinson@example.org','044-648-2005',NULL),(76,'cprosacco@example.org','1-391-097-6885',NULL),(77,'donnie49@example.org','136.476.0608x91',NULL),(78,'vicente.kohler@example.com','713-108-4700',NULL),(79,'adela98@example.net','812.524.5013x34',NULL),(80,'luigi.brekke@example.org','(679)354-7309',NULL),(81,'elbert75@example.org','(867)130-9190',NULL),(82,'kasandra02@example.com','948-280-3264x66',NULL),(83,'nikolaus.myra@example.com','1-964-350-1466',NULL),(84,'kunze.richard@example.com','(413)686-2380',NULL),(85,'greg.sipes@example.org','616-756-0885x52',NULL),(86,'yhettinger@example.com','1-187-649-8152x',NULL),(87,'omckenzie@example.org','09757052167',NULL),(88,'inicolas@example.org','450-008-3114x39',NULL),(89,'wkutch@example.com','1-769-435-5879x',NULL),(90,'hlind@example.org','674-887-7477x53',NULL),(91,'anissa.deckow@example.org','(194)036-9201',NULL),(92,'nigel83@example.org','1-842-392-6738x',NULL),(93,'trunolfsdottir@example.net','(458)765-7415',NULL),(94,'orrin59@example.net','01259878876',NULL),(95,'jessie73@example.net','(639)069-8315',NULL),(96,'stehr.gregoria@example.org','1-449-064-5703',NULL),(97,'djohnston@example.net','716.635.6576x68',NULL),(98,'ckoss@example.com','1-569-344-1891',NULL),(99,'corkery.parker@example.org','558-921-6913x25',NULL),(100,'sunny22@example.com','847.525.3761',NULL);
/*!40000 ALTER TABLE `users` ENABLE KEYS */;
UNLOCK TABLES;

--
-- Table structure for table `users_communities`
--

DROP TABLE IF EXISTS `users_communities`;
/*!40101 SET @saved_cs_client     = @@character_set_client */;
/*!50503 SET character_set_client = utf8mb4 */;
CREATE TABLE `users_communities` (
  `user_id` bigint unsigned NOT NULL,
  `community_id` bigint unsigned NOT NULL,
  `is_admin` tinyint(1) DEFAULT NULL,
  PRIMARY KEY (`user_id`,`community_id`),
  KEY `community_id` (`community_id`),
  CONSTRAINT `users_communities_ibfk_1` FOREIGN KEY (`user_id`) REFERENCES `users` (`id`),
  CONSTRAINT `users_communities_ibfk_2` FOREIGN KEY (`community_id`) REFERENCES `communities` (`id`)
) ENGINE=InnoDB DEFAULT CHARSET=utf8mb4 COLLATE=utf8mb4_0900_ai_ci;
/*!40101 SET character_set_client = @saved_cs_client */;

--
-- Dumping data for table `users_communities`
--

LOCK TABLES `users_communities` WRITE;
/*!40000 ALTER TABLE `users_communities` DISABLE KEYS */;
INSERT INTO `users_communities` VALUES (1,1,1),(2,2,1),(3,3,0),(4,4,0),(5,5,0),(6,6,0),(7,7,1),(8,8,0),(9,9,1),(10,10,1),(11,11,1),(12,12,1),(13,13,0),(14,14,0),(15,15,0),(16,16,0),(17,17,0),(18,18,0),(19,19,0),(20,20,0),(21,21,0),(22,22,0),(23,23,1),(24,24,1),(25,25,0),(26,26,0),(27,27,0),(28,28,1),(29,29,1),(30,30,0),(31,31,0),(32,32,1),(33,33,0),(34,34,1),(35,35,0),(36,36,1),(37,37,0),(38,38,0),(39,39,0),(40,40,0),(41,41,0),(42,42,0),(43,43,1),(44,44,0),(45,45,0),(46,46,0),(47,47,0),(48,48,1),(49,49,0),(50,50,0),(51,51,1),(52,52,0),(53,53,0),(54,54,1),(55,55,1),(56,56,0),(57,57,1),(58,58,1),(59,59,1),(60,60,0),(61,61,1),(62,62,1),(63,63,0),(64,64,1),(65,65,0),(66,66,1),(67,67,0),(68,68,1),(69,69,0),(70,70,0),(71,71,1),(72,72,0),(73,73,1),(74,74,1),(75,75,0),(76,76,0),(77,77,1),(78,78,0),(79,79,0),(80,80,1),(81,81,0),(82,82,0),(83,83,1),(84,84,1),(85,85,1),(86,86,0),(87,87,1),(88,88,1),(89,89,1),(90,90,0),(91,91,0),(92,92,0),(93,93,0),(94,94,1),(95,95,1),(96,96,1),(97,97,1),(98,98,1),(99,99,1),(100,100,0);
/*!40000 ALTER TABLE `users_communities` ENABLE KEYS */;
UNLOCK TABLES;
/*!40103 SET TIME_ZONE=@OLD_TIME_ZONE */;

/*!40101 SET SQL_MODE=@OLD_SQL_MODE */;
/*!40014 SET FOREIGN_KEY_CHECKS=@OLD_FOREIGN_KEY_CHECKS */;
/*!40014 SET UNIQUE_CHECKS=@OLD_UNIQUE_CHECKS */;
/*!40101 SET CHARACTER_SET_CLIENT=@OLD_CHARACTER_SET_CLIENT */;
/*!40101 SET CHARACTER_SET_RESULTS=@OLD_CHARACTER_SET_RESULTS */;
/*!40101 SET COLLATION_CONNECTION=@OLD_COLLATION_CONNECTION */;
/*!40111 SET SQL_NOTES=@OLD_SQL_NOTES */;

-- Dump completed on 2020-07-19 21:17:24
